consumer_id,debt,name,address_id
aba156c6-02bf-4f51-8df0-227df3ffc0fd,19,Billy Crowd,46d60e3d-8477-4882-94ab-f5247c665b05
4d3957be-738e-4103-857d-39cdedc2f03c,63,Leela Fillimore,1ef7069b-03fa-456e-92cd-319d9800bfa7
d8926c08-ba06-4a2c-8b40-81f6595b75fe,88,Dal Bantock,77139a66-91aa-462f-a97b-6dbdaa236a54
a3a1bcd0-0b6c-485e-90eb-48d14d6253a1,21,Franz McKay,663cde8f-dcc0-4f2b-8bc3-0ea5ab029d94
18e5c1cc-5382-4465-89ff-2b01a931aa9c,68,Daffy Panther,41d7a943-aeab-4d4a-a48c-b068fdc1844a
5a7007a4-7009-4373-a154-5d87365293ac,85,Barnabe Ingham,97baea42-b5c5-414b-bdd4-52af6e4835fc
0fe9c6ce-cd38-465a-8c9d-0b9d8520bcf8,43,Justin Gerty,392c9862-59c9-46b9-9fa2-4c0a4fe54032
f7e9b838-0a68-4217-83fd-db7a3e54e371,58,Aldous Sawden,2f084d63-0503-4bd7-ab78-ba6044420e32
9dbd2490-7922-4ee2-8b98-69a3be4190a1,35,Cullan Paffitt,c9ccbe5b-c576-44e0-8c5a-a80276366524
6c2db0f5-0964-4054-a7a1-3b2a09e7647b,5,Jodie Manoelli,e8c0e6c5-c43e-4113-8445-eb30f8ffeda7
6f1b2f41-93dd-4678-94d4-0b40062e68c8,7,Corabel Rogge,ade95560-07db-48ec-92db-da36f1584c9e
68802086-4ea0-40de-b7ae-8a89f6b904c8,88,Giff Belding,db3a3d29-86de-4130-a622-05d618f0bdb5
bbdc7fe7-f90e-469f-b591-1a6edfc83873,29,Jillana Keune,e6ee4f63-3d58-47e3-b11b-5783e6d3d510
62a33084-6a52-4571-9ae5-df729ccffae9,54,Madelin Moscrop,e3f0e2ec-96a4-4c32-814d-6b3ea1bb8a88
9f8416f1-5df4-4574-8118-7da5e68aab4b,16,Kim Duckfield,39a1ef58-2105-40f2-9725-62d28d60586b
f43b8eac-0dd2-4cff-9e19-935fa3f4cff4,10,Stanford Capnor,9dc398b7-8103-4a34-a4ac-999ac9a171d1
6e59712f-fb10-43e2-b758-a948b02c4582,53,Randy Cramphorn,99066bf9-4d19-47fe-805e-1af7705f6954
17b1e2c0-aa22-49de-9327-c63dfeedc90d,10,Towney Deinert,b1496cc3-60b7-4997-968f-91c869e5939c
f97f2cb9-05db-49fe-9242-ba35fb4eda83,97,Bryna Gipp,40f3e748-1074-4b4a-b5b6-c79f83bc0c53
38fc6714-d52d-4708-9c04-363c763c7112,48,Matelda Bouzek,f231991e-40f8-4cc7-8f56-557f7b79b62b
e7d78969-dbf7-4e42-a6dc-7e4c9a21d323,95,Hamnet Ridgwell,0e32b52b-971e-4afc-8b5f-4dd24e1f7691
8900894e-7fb7-4bbf-98cb-275ed7b60c99,61,Tammie Meaking,6bcbbccb-cb93-4151-8ede-52ffbf9c2470
bcb729e2-5b29-4a32-b647-44447286c0b7,56,Cristabel Weatherburn,9714589b-006e-41c2-a57a-048374622fc3
ee315a28-ecbd-43c6-8743-284e3a2f0d42,72,Cordula Greenstock,a57fda58-ca4b-411b-8d48-7711d172e2fc
ddcde23b-b1f8-48e1-bab5-de1ab4037d70,41,Coreen Hawton,7567bffd-87e2-4822-bb8f-3a811ae1706e
f0a22f7f-fd85-490b-bca1-e4c0140a1d10,79,Hadley Cretney,a26cafa2-bf06-4b2c-b57f-32a159824f67
6bc70911-7685-4acf-a0f8-44073cf72430,81,Abbie Kimmel,b4cd1144-12db-4d62-8450-6918b22c5b10
f6cd280e-88a0-4056-b470-f431f3e6e1f3,93,Merlina Placidi,10922fb1-d267-4849-a8ad-0ed05b248184
86bca859-1af0-4e83-b3fa-f71de57a6d16,20,Helge Waszczykowski,ec48529f-72e0-4c85-9550-aa66227ee845
03b86942-334d-4401-8fd7-39ceb682c46b,61,Nye Draycott,054604e6-71c1-4f89-9b69-f9d1827857dd
2edcdd5f-5403-4a90-8b56-11112efd08ad,69,Caroljean Lillicrop,2afadf52-e6b8-432e-a764-9b008fa61f13
469ae2fb-41a9-41d9-8ed9-ae9f2db38f55,77,Dietrich Bromhead,1d8bf31e-9a3a-419c-a52f-5d51f340d797
9fcfd239-fc59-409f-9ae3-ccf1bdef2c6a,65,Tymothy Carlesi,bc87fdea-bc46-4deb-8715-32892307cc1e
93d6ae77-238a-43f5-ad4e-1b98e2f684e5,13,Auria Blaylock,c64afae3-b11c-4097-85dd-6447548a0aaa
cbfa19ef-1ce5-4960-a03e-e1527ca2d1f1,43,Bernice Dunbobbin,0ae450a0-dbe8-4e98-bdea-3a67f3910fc2
f6afceac-a217-4d6f-97fd-a5c9b491c3b4,59,Stephanus Llewellen,f1f02cab-973f-4cce-bf26-5336e3dd5c42
7fb6f6ac-c8a7-4b42-8b53-b05102ca772b,51,Carine Arthurs,8bb069fc-0cec-4843-b7f1-3bbfb41ec1a6
ffb1cd14-3b00-42db-bd74-f58f61e73e73,4,Percival Torbett,fdeebe10-fbe9-4435-b47c-108e26192e83
5414ab32-7525-41d1-ad26-9d60de9475b2,67,Lilllie Cupitt,dbd9f217-ff2e-4f60-add6-65c6ad7f9108
8a614937-01d5-4d1e-8988-2b7e0618cf7d,70,Ashleigh McCreagh,31f5d700-ee57-45f0-b24b-13869ffd5eb1
57f5cc2d-472a-40ab-9eb2-d2a1b8f1afc8,49,Winny Watson-Brown,10975b66-58f8-4329-9562-557732856d8e
0678b0e7-2881-482b-84a5-8b6784cdc65d,31,Coleen Geering,5203d3eb-9541-4ce4-bd0d-a863aed2968c
617234bd-485c-4a49-b8e1-4c73e63eee7a,86,Eddi Nind,b1e9b60b-ef17-43ad-88d9-00f1267896be
ed88603c-c36c-4b54-87ca-bf25e25ba368,21,Giraldo Witherden,5e9f13f6-3c1b-4a1f-b6b0-da866db33faa
2d909b5b-41eb-4938-ab47-7653e89728a8,45,Mitchell Sinncock,121a612a-cb6c-45ce-8b28-a735cbe54bff
214dd6ee-38da-4a52-aac3-9a671b4aaa79,17,Cynthea Radwell,7d155e39-fd47-4eb6-9ad8-aaa84df3982c
85017410-99bb-4317-8132-2821a0e6de2b,44,Jarid Boissier,bf9a3bdc-acb1-4734-9a68-0f7f07000692
4b4031b5-f1ab-42f0-a640-e2ebd5116d87,86,Bink Lindl,b097fd4d-cf66-4137-b10a-98f562c3d723
546873c0-38bf-45f5-9455-ee56c8af6242,82,Esta Greguol,6c7426e5-9254-41d3-a602-cff89790e1b9
96612253-4b88-499b-b89b-f3e5916bbc11,76,Sebastien Croston,36d89d90-4082-4023-9bae-a60903bd15c1
0d00bef4-f9cf-4aeb-a9c6-9825aa2cf266,85,Gamaliel Villar,072c8ee5-eedc-446d-b57e-5c87c052725c
602d0955-bc8b-4dfe-b588-2e24201f832f,72,Misty Jeannin,ca0dcc1f-862b-4f68-85e6-37a623d12b20
e9db9ec4-69f9-4dae-85f7-a1f713dda7ee,30,Jason Force,d48946d2-6006-4e50-a241-d43615f64a53
9ce984b5-6cfc-4033-b82a-afa14d1dd92f,72,Sayer Wisedale,444dd719-2b07-4717-a183-f94ead33b42e
6733a085-3049-4090-b76e-4fca0958d078,80,Ashla Piel,975eb3db-09b3-4acb-b53c-23c3962ae119
7fa2900b-eb73-45ef-8803-150d8a2fae29,69,Sibyl Attewill,be342899-eabd-472a-9557-4336eccb561a
9540f6c5-9157-48ef-afe4-2276841f4b4e,49,Rozamond Gresswood,d9c65cc4-a0ed-403b-84e0-beaa81dadf96
f0d9328c-6d27-4787-a09f-9295f5a574a2,56,Laurette Helliar,3b473f38-fa35-4547-a112-dcb64eb30a6d
90a7199c-26fd-4ba4-ba1f-4950606a0054,41,Sophia Cunniff,59e08e3b-b5cc-4441-8afc-6a9b1dc03310
ddb1ee09-2599-495d-908f-f0d52e43e06f,95,Kariotta Linacre,e88a8f35-942c-4d54-a8db-d0f2936554fd
d5068664-708d-43a1-b1ac-9283509d59ad,64,Hilario Mazzeo,f8fae128-2ff4-4934-8fb0-21873c6001ce
9d2923ac-e47c-4f26-bb60-d88772f76ac3,56,Felix Kiddell,c5101808-6eb2-4145-9640-28398a3a1e01
96e4291e-0538-4d5e-9679-46c2840ae339,90,Amie Gabala,04db0193-c274-4e72-a6e1-797b619be1d6
bc67c438-5f23-456e-ad74-32cc84811e2f,78,Marc De Bruin,27faabbe-091b-4cc3-a247-ae6b9d45e9ed
d29103c6-4c17-40b8-a6f4-58a314f99b1c,30,Elfreda Turbern,99402f24-9105-472d-9d90-bca11d0d310c
41b88650-bc80-4da0-b61f-adff483edf59,70,Hollis Kineton,35bfc57c-1660-4538-9187-fbe14c2bb24f
1bc1dcc6-18d2-4770-bf51-ddd159e000fe,20,Charlotta Andrejs,5dcc595e-23c7-45e9-9b4e-55c7e170f89b
1bf6ab4b-e756-49db-8c1f-e5f21f60bf89,62,Adelaide Eatherton,e1ab1ca5-fc9f-474d-9272-ee7986d15c34
1b675eac-5812-44c8-a3c5-c654c3c9a4cf,42,Midge Boynton,b081198f-6887-4833-a3c5-9f0520fe695e
ab998b33-45fd-4c6c-829c-008dbf3eab44,98,Antone Banck,0fd9495c-0250-4be4-aeca-8d7dcf56f90f
b1e8d27d-8cb8-417e-946c-afb28882f838,70,Marya Churchman,ac933443-3a86-4e05-ae9b-4c19281c2911
e861aa18-1015-4e8f-96e9-3d1f250d500c,26,Evelyn Wickwar,4caf8230-f2c2-4e80-86f2-04ae3eb8210f
0ba356cf-369d-4acf-8147-73bfc8b3d595,28,Lanie Frere,d15f88f0-743a-49b2-8184-ecb8acf1b8ef
0ffbbaf6-0fbf-4fa2-a932-bab26e2390c4,80,Keary Bracco,bfb9da28-d807-41e0-9a65-43e239eddad1
51f947d1-dfb4-41b8-bd5b-4ced6eb94a21,52,Guillermo Dobie,446da0f1-73fe-4be2-92e4-ae6042b6d822
67fb7f2d-27d3-4bb0-b363-4ec33157106e,87,Cilka Judd,7008e09c-aa85-4f75-970f-818c1c38c0f9
69b5e9e1-1709-4631-99d5-47e3a2c004c5,78,Ingmar Wallis,bf3d89f0-80b0-47c5-81cb-0ef91ed6667b
f989c674-fc01-41cb-906e-f1f14f70f0a1,3,Bowie Suthworth,3728a54c-e415-4288-8ae9-258f415676da
fbe99937-e02a-459b-9be0-33cc2aac1623,81,Francois Rogister,b2991de5-811d-4c12-91ec-a39a14951481
ca34efc7-0d25-485d-8bcd-fe60b0ff1f08,85,Maryanne Huygens,4c2074d6-6624-40f1-a508-148bf025541e
b19fd0ca-1f97-4110-8101-69dd5caa2e43,61,Ange Agett,f48fbbf9-6ada-4a44-bf8c-6a6187842fb4
a369fd8e-571b-4bcd-b437-7206e3a94e4f,88,Madison Keetley,9b89be7c-1921-4450-aba7-aa69cb42e52b
77726e36-f563-449a-86d8-e1b0fa7fe9b4,7,Trina Frude,916fe24f-4b1c-4035-9432-08c33116a6c6
88db90e7-2c48-440c-8130-10b65619bbf2,76,Thebault Abrahm,689528af-d22b-4148-88fa-e66ed1cabd24
14382911-cd95-4c69-b4e5-a60cb9d66ca3,89,Bren Davidsson,c80e5c4b-6c54-4894-9c0e-7224fb306ffe
6fb39d89-b6df-408a-a4c0-c464b1de90d5,42,Winnie Anelay,8d0b7db0-0afa-4416-9597-dea1fdfd5b27
23677ac8-9700-4b43-85fc-faa4a64a4951,31,Corinna Renoden,c01267b2-f6a3-469d-b134-e0a6c744a43e
b92d74eb-8bc9-4d3e-947b-0f5ca867af8e,46,Barrett Jerschke,c3ed878b-5b88-4e43-be54-80c9351d73d4
d21fb122-3317-4253-8c77-eb940f7d03f2,7,Darlleen Gentreau,60521472-b8f3-4f11-9b6c-627b03faa0d1
512b3b33-2a4b-4625-9e76-ad78911f479d,88,Edouard Gowar,ce55cce4-3289-4ea5-8264-e596ff2628a8
274da880-1294-4eea-82e1-942bc303ab4c,86,Yorker Peatman,0b0c4742-0b24-4969-b04f-45402a82e34d
7623b7a5-f9d3-486d-86e0-22a96ca8290b,22,Dominic Fermor,349e0d59-b160-4523-b0fd-cc46e4feda9c
7d9cf67c-6b10-4521-9b0e-9d57346db9ed,96,Gilberta Bernier,31b1ffbc-6760-4906-9d24-8de01fe987ec
9a23ed06-396e-480d-b0c7-58061394f881,85,Kippar Blader,0b63f550-0ce1-4676-91ad-fc2a44bda699
68ecba1a-af1a-42af-905b-d96f7119fd8a,28,Bourke Sinclaire,e1255cc1-d7c5-4d9e-a34d-a8b0a98fc704
2e2c7066-63b3-4175-b99e-221b99a07f28,34,Elbert Mowson,904ebf7f-fa81-4aff-9d8a-7898bdb7fd49
a1a8447c-fb84-4838-b68b-3983a3c817e5,47,Pepillo Kingzeth,717bf728-89ad-4c55-bafb-3ea1aa688a9d
00c26227-81ce-4ab3-9685-c88d91a12b28,89,Zonnya Holyland,b3c85407-9d8b-427d-aa37-0daa148ec305
86096ceb-f2cf-4019-93a4-d0a34d68bf3c,53,Shawn Grund,e0b8b828-1d19-4506-8afe-e3f7ddd09caf
711b5423-9b6c-405c-86b1-61be3ca97493,21,Cointon Kleiner,5ad9995f-7b2f-45c1-bdfa-2f167148a3f8
136c7ae3-e629-4888-8762-60308b65b599,34,Radcliffe Hein,38ea3bdf-85be-48ea-b08c-e929bbe0928a
af5dbf2a-57ac-40c2-b711-5bb1df6e28b4,17,Christalle Salandino,61d18b9b-e18f-4a01-ab8c-f213802b7e4e
4f6e1902-f321-41d5-9952-5ba8fa9e4090,20,Elise Plastow,b1813956-af17-4e77-9742-d90377389d84
442cf414-923e-4e34-962a-70319fcbfa07,21,Ana Witherbed,86d07781-8c00-4210-9580-988ca6ef1b3b
468cd606-12c8-4a9b-8626-0147c89790ec,54,Chrotoem Seckom,a0941acb-2445-41e9-9d6e-e134417a7089
9d497195-d825-44ab-8554-277f1d640a51,37,Forbes Kramer,138bb815-bf3f-4baa-b2f6-b10e8d510a80
0147525b-af9f-476e-9c6f-46705e4bccb9,20,Devan Took,25607f81-1e33-4a29-acde-8bb9c6c5f1fd
3cb36c4b-7f44-44d9-bd94-a7aadbbea9e0,43,Orlando Louthe,ce11a854-9cd9-4be0-ad18-88be99331587
e0a10cfa-977b-4093-8d8e-6cfbe029b287,97,Bea Koschke,29c5b254-ea1c-4402-b763-53ce5c9a07ca
b29e24ef-c2d0-41dd-b267-0540e03900f1,60,Reggie Durbyn,81c9b5db-4005-47cc-aea4-fdb50eabb279
b1655144-7e94-41ac-8739-d79f304776e3,18,Georges Shine,2b17abea-31e3-46e2-bcd9-218d5a0d7272
0b3f3a30-40a5-41b8-ae86-13d425f976d3,2,Olenolin Mangeon,9181a1e2-405c-4991-9bff-3da993f746e9
6af3282b-ac6a-425c-bbc4-0fbea9a7c9f0,33,Martha Adamec,dca35209-cebb-45f9-b7c7-b8cb5546b941
562a1b3f-a970-4c28-8414-c5e7967cca79,20,Kellen Trehearne,4937a3a0-5f1a-4c92-ab13-93fb3cfca734
88c58664-20c4-4453-91a2-09f0d9db7357,94,Hal Ragbourn,d675effe-2a12-4c63-a3c1-e5a205b726a7
74668f6a-042b-4744-a5be-f3681a6e004a,85,Alexia McClaurie,68d4308a-842f-4e2e-9a53-87ee5bda9ce0
e36ef910-25fb-4113-a91e-ab00b5d185a4,10,Hannie Maud,18e5fd57-85a2-473c-bd02-36b9ceaee5b6
77e7459e-13a7-4a9c-95c0-4338adfdb71b,84,Byrle Do Rosario,6ec26a65-5a52-485f-806d-b956835c2915
82bf724d-c8a0-4ebf-9dbd-eb6c13c97493,37,Lloyd Witheridge,c5b157ac-29d3-4a29-8196-6db828a36cb8
bc5ba133-5f98-43cc-991b-086fd66e0394,16,Corri Patzelt,3ecfd4c9-2e40-486f-ac40-7955ee3228f5
b4b5b4b2-c0fc-411d-acc3-098388cbcba4,75,Brinna Marshall,f03b2d51-8c47-4225-a4c3-01bf145266d5
4c64dffa-5e6a-4620-8e6e-246edb9deb4e,56,Daile Leverette,97431ca4-76f5-418d-bc1d-9689f9636ed3
7da39812-42ed-4035-b8fe-2b82892b5733,80,Drusilla Osmond,5e39d6e9-5ee2-4295-86cd-c203b127d382
64cbd121-a981-4567-81a8-af5fcd63be41,18,Elsbeth Simacek,6bf82268-d2a6-4ed6-bb45-18252cbebcff
70b4c275-d0df-4636-881b-0572718e0d2d,12,Leontyne Gotthard,1fb788f0-e262-4633-bd5c-5cbf72723f90
df211093-1f99-4212-806c-5f9c4d64768e,65,Randi Riall,09237cef-fb4e-4b1e-bb8b-ff93940a7838
dd8b632d-8236-47b2-9adf-ae9921a04bee,49,Breanne Warbey,c4852398-c64b-4559-8c7b-37553e97b632
6a76030a-b17f-4196-be8b-b982166d44b3,1,Janine Esche,086c0269-7906-4c8d-a48f-8a82af9b44cb
32a6f1b0-cba7-44a7-b699-13f305361962,57,Susan Magovern,cd166750-af43-403d-b43c-bbf6630c6935
fc692361-e34c-45c0-a505-e16f33c4ffa9,46,Clementina Roose,99e49db1-5cd8-4ed4-be30-1a3bf33e0cb3
fdb09af6-7468-4557-9a74-a99e6b121e6a,9,Wilton Caulder,4d517b61-e659-4e35-88bc-7258b2124a50
89fe5b09-f325-400d-8f2d-6e42d6beab10,71,Markos Durrand,d53a6d7a-9388-4957-9405-f5bc617c60a4
edd22593-af3a-4b38-83b0-ab2acdc24908,52,Lethia Denington,f89169cb-f467-4681-a474-42633176f5dd
cf4d8b06-80d5-4694-9ff4-81fd56895b12,28,Tom Camosso,8653c4c5-7cc8-4334-be84-7550a3229f85
4179ed2e-51ea-47e2-b224-f2c52dc09339,61,Sadie Swoffer,dea4128e-bd2f-4520-aec5-dfb8d4ba669f
a97a67c5-53dd-4915-823d-a9fea07b5b9e,36,Theodore Scones,0c908b7c-d964-4e16-95b0-c74d6c354015
f0110905-9b99-446c-86aa-596e3f610156,24,Jaquelin Strahan,c6194a99-b50e-4d57-baf7-95cfa70c9bab
86c061cf-78bf-461f-81b6-b2cc000cb1c1,71,Georgianna Storck,80c832a7-9b98-48b8-a9e5-fca8816672a7
a1ae1a60-54e0-43a3-8355-ab9acd8a90ba,21,Ewen Timperley,848322b6-12e4-47ac-8c07-7c6ae5f4c221
969f0790-5813-4f62-bc1a-3a75a22011a7,52,Jolee Kewish,f2cbcdf8-284c-4b47-b598-0589c785d9cf
d056d4a1-1abc-4012-aea4-5c318505b676,44,Irene Dory,887645ac-a338-4707-bc79-f1e8c36d96a7
045783a3-e565-4937-9c7a-c1888cb71887,78,Tony Ciciotti,d93112b9-02eb-4d35-b785-7c28d29dcfe7
fac8f749-887c-48ec-bced-0902d470c90e,73,Benedetta Sappy,68d0df34-89b8-402c-8711-775e3e6a41db
5c3f5485-f0be-490a-8104-586e69998ca9,88,Evaleen Booley,7908adc0-051d-4d5d-a1c7-da233348e303
51142569-2ddb-4b46-91d9-1d747b3a72f6,42,Kathrine Edrich,a7f1e094-05bc-43dd-aa97-a6ffd62420e6
b98d6add-ae87-41a6-821e-15611f079d9f,43,Pearl Burds,0463ee3d-683a-4c06-bc9a-ada962efac6c
c3716a31-af89-4c2d-a571-4dc5eebcf421,72,Sadella Skeldinge,ac1ef393-2b63-4ae1-ad75-f8f7a718a6af
a703a686-6827-4111-ad4b-1b69352049a9,8,Yuma Kennaway,0063f440-bb4f-4343-875b-2238eb60280d
c8f7ad5d-1f02-4eb9-94df-89c833d44a80,31,Jaye Claiton,97641b98-b2d7-44b7-9056-d2b6f071b5a7
cd6134d7-4eed-4210-b040-ad7178ea8a44,9,Parsifal Betke,7af2aef8-1737-4975-bcf2-d5acadf2db73
928f6d7b-b453-4143-8425-93afefe44178,30,Fee Elies,890aec74-a38a-4b69-907e-5c7150a32416
d5303a95-ae0c-4d0d-9545-d5c1880b2880,93,Reina Harden,94b8d857-c056-4f46-ae16-87f480ca5f40
e5fb163e-4895-44c4-b2ed-c8380233891e,68,Dean Lecointe,ce86fb32-f70b-4462-acf4-dd17ab5901dc
124f1c2a-780a-4c93-ae62-f0e0e095b0c4,54,Darleen Boatright,331cea99-34dc-45bd-9edd-a88e6c954655
25661d5d-7c97-4418-91e9-96b412cf2fe4,4,Ninnette Lackney,05afd8fc-f3c3-4829-9f30-c5effeff84b2
7d5ecc01-e352-4d77-8192-c8ed57ae1062,89,Tomasina Ranahan,64c53ba6-cfb3-469f-9b88-6c6b441fe675
5505e52a-98b9-49b1-9047-4bd1274ea5d7,59,Ellen Chipp,3ea67782-464a-4758-8042-d4117902f092
22b218ee-1e85-413a-9ccb-3eb10bc7faf1,36,Sabra Cuesta,2bba8a0d-e71a-46d6-88ad-4cda30e6b099
bcc3e082-c282-499e-8d7e-df27a7011e57,24,Gae Stonham,1c8257fc-d4a4-4ae3-9974-0553962b5d5c
c4df6d8b-e943-4529-9487-d82792333f92,100,Agnesse Klimsch,1bf07eee-4566-4865-a84a-5c7bb7205d83
4b2d9041-1c9a-422b-bb7a-11810c0145e8,21,Sherrie Rearie,43496cd2-ef68-4350-8f01-7afc8e7ba69c
dc7a8cf4-368a-4b0d-bab0-695c1c5a32c3,19,Moselle Lucas,bee570db-514d-452e-9675-619db80ffbc5
79ddfdcf-3a6a-4a8f-ac60-157b8f108a24,17,Felipe Shelmardine,51333508-69b9-4a8d-8044-1d764bed88ca
1c28060c-f89a-4ce2-a964-a835304cb172,7,Zed Dudman,fc9115a9-e7a4-4899-8195-e02f967c387f
68635f15-ac22-416b-b468-a8ea688ded99,9,Samson Pennock,aeb3ec18-3d58-4d02-8b77-a601c83c03c6
f310a7b6-bbac-4ebb-9080-88e1214b1b94,69,Sari Whiting,ab5d0f19-559d-4af5-9969-5188daaef991
cf640869-30f1-4cf9-81ab-5beb3fe0b383,84,Sammy Cornier,661c03b7-8505-4e3b-83fe-0492980bed1b
6d96332b-a520-41f8-827c-919197eea914,41,Heinrick Elner,7d58642f-7bbf-4b4b-9f0a-8ca3c2cec864
a135b357-f623-4ed5-ac4a-08f1eb9696db,29,Elli Leethem,356b6ff8-3e93-4508-bc5f-f627dd1d6eb8
6b341cf0-3a58-4059-a650-8902a14baef5,99,Catina Puddicombe,0de453ec-f415-4620-bad9-8f958e045fd0
9cd3bc70-ce10-4831-987a-24e265c2d2c7,43,Joyann Gilleon,4ce97056-ce60-464a-a2d2-d4c4f7618992
477cbec7-cf0a-4bf8-a0d2-22ac85bd6e65,82,Alis Caverhill,f89d462e-c989-4dad-8cd9-a80d9530ef94
52661c36-3f61-440f-9c17-e30b1ff4b3ea,51,Dion McIlheran,354bd590-c6fb-47f8-815a-828a05c08b74
31f2a323-3c81-4ead-a6ee-22870542b527,74,Katrinka Smalls,67b431a6-94e3-4b27-a252-0241ed3997a4
019db5df-ccae-45e9-be7b-7a285df0018a,69,Osmond Conley,c4eecc11-b5f0-4690-b669-478f2ead7da6
63507e5e-8e55-42a9-a92e-d525c099581b,8,Marley Lever,c14d9b60-0c9e-42de-8798-1d2aa4ffa2df
d5651e1b-9ba9-4838-ae42-60b47eeb22e4,62,Silvio Sephton,fff19528-6faf-410b-9c7c-de7bb5959f78
f21ee2bf-a02b-45c2-9556-eebd1c4fed4f,90,Myca Franzettoini,a3f66a67-1105-418c-8637-2b34e2b4b641
11599739-b109-48e2-bff6-6aac9aa9fe75,47,Reagen Greensite,de9cccde-ec5c-40fa-b58c-959439a4bf20
ac8cc285-8f5e-4292-9e61-6049fc4482dd,97,Kristen Tieman,afde6ffb-7e79-43f9-8c1f-920006bc0619
a3119d85-7c15-4d99-af3c-ba3b1543bbbc,9,Baird Paylie,64fad028-344a-44f3-a240-c009cb2ce724
1ad9f0fc-90a3-4a2c-94c2-b73c218bea9f,25,Eugenia Cowie,d96a3fb9-83f3-4036-aedf-27ed5607b3cc
afd8d775-b0ef-43cb-9d3a-0158b2aa10b6,61,Megen Huccaby,394d2553-4d45-494a-ad55-7c74fd69854d
53c28c82-972f-422c-a3f3-eed8ba6a2741,22,Eadmund Errol,143b60eb-7d5b-48c6-8282-2fad919b2258
9f4b7bc1-fd7f-4191-b435-19a48bd0cb44,29,Chrissie Scutcheon,b85aa4d2-65f5-4d12-8363-d112f75c76a1
6cd4c36d-a24a-4c88-bfd2-b45b4417ee4b,57,Alick Stonall,aba0b51b-0285-47b8-8db0-33f108f5aa01
c301667a-3ce6-48dd-837e-1a74563f949e,87,Rutledge McAviy,e7b9ba12-5fe8-48da-a59f-2c055c40fbe5
3ffbf9e0-bc83-44de-8fc8-ab548ae30354,52,Joelie Meddings,ade70df5-82d2-4422-ac10-78596860970e
81b18cdb-c517-488a-953d-6f0eda8e2727,25,Jareb Laidel,5702c897-e3d3-42d2-bf44-2a19ce0c3158
2951457a-7068-4b0a-b9fc-4c8b44a87988,93,Orly Camillo,f23435c9-ad0d-41f0-8786-ae5641d46530
90644f83-c3d4-4496-9955-d371c7b058ac,76,Kamillah Benzies,e89c4c7f-6a11-4725-9c07-693985b221e3
30e0ea63-57d9-4cef-a780-86b16fca0c35,89,Sigmund Walcher,eb1272a2-a932-4d94-9de5-54ce345bcaf0
7a6b88f9-2ede-4f16-99a2-cbcc5f0899ec,55,Fiorenze Cross,da62d134-8523-4336-a7ef-4b93825d8393
02aa36a2-fd87-4f80-83f1-6cca3ab7debd,91,Mireielle Bloxsome,8e7bb253-f736-499c-8670-e110f633cd74
e6ef1304-dab8-488f-a7a4-b7a72fac01d2,17,Meir Fearfull,f7b82e3f-b02f-4b80-8217-17e2939e6992
ec9e5fe3-854d-4c92-af7a-70d2c855dd52,63,Ferdie Millican,d5d202d0-9131-4fab-9f3a-1c656b66ddab
b667d88e-7d23-4c06-9b9b-2fd26294da51,77,Ferris Falck,173b8367-7409-48eb-8e46-ba0e36103d8b
06377867-985d-45bf-9783-3f6aa9466f7f,16,Breena Fancy,55a3b379-2b58-4946-9d4e-07b4523f8aaa
19376cc8-8ae7-4e60-ad66-42afdba23954,81,Darb Muscott,5e62338d-c09f-44ee-b7d5-1a163f91d6f9
b643c0c8-7ab0-4432-8946-da42d9624ebd,10,Diarmid Kilbey,f184fc02-92eb-4b2b-8425-6a99d05f49ba
9ef257aa-51b6-436e-92b4-a520b40d1b45,56,Jandy Fairburne,9f6f9c4b-2725-4aeb-82ff-d7ae181e8964
9dac2f7f-fdc1-4ec2-bd11-335740b24d2d,53,Bill Malloch,d19eef32-011c-4cd2-bfa4-5a5ca9e44770
64d0166f-4d33-4520-b1fd-364a97b72108,81,Malva Skally,6cbe81b8-e7fa-409a-a0d0-133e79c34727
b96e29b8-c299-4352-bb7e-d1b43f8ed94f,24,Weidar Rabat,b117aef4-d453-440b-b489-ad969caae62c
cfe12993-6342-4c70-817e-94b86671b6e5,27,Kermie Swepson,9962cb55-7587-4e1b-ace0-d220d911422e
a9c8b281-a66f-451c-9b54-24533a1d0a2e,38,Marjory Falconer,93b46c76-cc07-49c1-8791-4100c39ed978
1c94baaa-e16e-4fce-89b6-272c0c221c08,70,Padgett Leeder,9dd4beaa-cd26-47f4-b341-8a293f435c33
283ac373-63f2-4ab5-8181-fec0d55de441,70,Maxy Blackleech,0e80e2e1-07a2-4398-82c1-f658b0bc1a30
c05242b8-4f7f-427f-8b99-39d8c4ff661f,71,Libbey Burleigh,15418e3f-6e41-4726-bf96-4499a42e9c8c
1789cb4c-3775-4234-856a-3eb6f1d29a2f,50,Jeffy Jira,f8c7e919-05a2-47f3-88ec-fd51a958d136
3c2809ad-63ee-4be6-a4df-bed53a59f928,97,Lulita Borrett,95e78a98-cc35-415a-9457-de24e3872f13
b6363f71-c483-4c75-8344-ebf9b4427e59,74,Cary Alfonso,5488ff68-7017-4d5e-8bf9-214985c8fcf9
963a3e7e-534e-4821-9d66-9427f8edbfa7,77,Paco Meaking,ec6d265a-f092-4093-92de-61a62f86e475
d3e132f0-ba34-41ed-a567-8cb6cd07cfdb,40,Falkner Salsberg,d2a91360-ba02-4d21-94bd-7acb6a191311
50fe56b5-1d14-46ce-b5f2-f0302cef2adf,64,Agathe Youens,33bd002a-d468-4881-908a-1afd719664d2
ff262983-4f7c-4ecb-8902-732f0ab5a829,54,Nataline McMurty,9bf7505e-ab05-4946-9b7b-fff28e50b534
6602e7a4-9e43-46b8-b5ea-9b885647e880,24,Isador Doiley,3061e3c7-2b88-486b-b893-3f29012376a6
c3351655-b6a3-4358-b575-f0ceb1925107,100,Jacintha Shearstone,75058d26-9cb6-468e-957b-8d4eaadd9371
49d3b875-8098-4a67-ae0e-b74074804057,36,Meara Paty,48d839a8-5384-4ae7-8b43-8cdb3bec83c5
f64d996e-0b7f-4c2e-874d-c05d757e30d4,99,Lily Barnicott,e9358802-c1cf-440b-83eb-3ed5e11913dc
4faf059e-3e32-4052-9f5e-6460afc115ab,43,Abey Procter,3b280ba4-a010-46a6-b253-c736888c09aa
3bddea61-5e4e-4c7c-a274-8814333f1e09,17,Karlik Draycott,832582e5-723a-4cba-b469-1ee1ce4269b8
b61f46d4-e12a-4f12-9f13-ca678afb705e,52,Melisande Lincey,0c898a8c-a6f9-4700-9113-3cb039a8ca37
11b16853-763a-4a25-90d3-386a6ae1eb47,63,Lucais Pawlata,d28c829a-3856-4970-a676-8ace02caa44f
b71bb2d3-f732-4a59-a65d-dbe3867cb520,39,Pietrek Ackroyd,d1e43187-7dc2-4792-bee9-be5cec8f29c6
3df3c8f3-213a-4080-be1a-3add262b8be0,30,Dominica Antonchik,25a301db-3450-4d64-beac-1c8882e821ae
703211cc-b97a-41f6-9648-940222baa2b6,12,Guillema Whiskin,db7500ed-9efc-4041-9f53-b1a1f730e88d
bec9d1d3-5a49-4e7c-b613-c85512c6fc63,94,Skippie McAmish,131d17e9-8279-4157-903b-1f365d5eb87a
7dcde165-3b7a-4806-a068-74510b3224cc,10,Hermie Dauber,142fffa9-f3fb-43b0-9bf2-56ff4dde1744
467b3a6d-6e72-4082-92e6-2c0063e6f854,40,Bartolomeo Hurt,14f18df4-ff90-4ca4-a30e-2a4d880a86fd
12deddfd-4453-4def-916f-0645df739158,7,Dixie Brightling,6dc03ce7-80a1-4d49-8de2-493c1bc486ef
b7177944-c688-4b24-a152-8e555734e9ea,17,Olvan Burnsides,5d6b3368-6075-4cef-a427-603071fb9a66
1f464654-2ea9-461f-9c49-7993f290ab42,55,Elyn Gookes,23643e34-e3e4-4047-95eb-771dc992ff2a
c20bfa77-9962-48f9-890f-e6ce9bc78bd1,52,Bren Batrick,bd2ad2b8-dde7-46ee-99d5-2330f901d7c2
886a928c-16a1-4a48-a9e2-bb0fade054e0,13,Eileen Cadd,07e84584-d5bb-4b08-a4dc-7ffb39e75e31
7ac56148-a676-47ce-8977-c6886e112eb0,28,Owen Daber,aeda3af0-5ca9-42f2-a9df-d8f841c5c553
7390155f-2b6b-41a1-bb0e-ab2d0630e339,51,Baxter Kliment,feb79dcb-58b7-414c-b1ab-a57f546edcbc
22b3ad6f-97c3-4b1b-96bd-30566da2ca0a,50,Rikki Kidde,920c4630-dc7d-4658-8b41-5fd3c6054862
27ca480d-45c4-4e50-bf68-f652054f83e3,32,Damita Pigeon,6078a262-9698-4c9b-b35d-a0a238ec6d97
9effc7af-6d52-48b9-a127-47cb4d215ee4,41,Sidnee Kingsman,658e53e8-5719-4cfd-a025-02c0a73d2a8a
f5049966-d618-4a9e-8096-7c6938d6d036,50,Lulita Drewe,106fe0c8-3824-4ba8-9283-d43eac903666
bf81ca7a-9e34-440b-9eba-ae54ef62dc83,33,Karmen Eynald,78bf60cc-f781-4850-8c1f-d0e7b2e8f15a
00b02acb-5029-468c-947d-e62dd8b5e5d1,64,Haroun Milstead,8fec62c9-c749-4b75-a4fc-71ddbc964573
09b66fef-0297-4474-9736-9e902e8f206c,26,Aloysius Outibridge,f1dd9b57-f6bc-4104-b1f4-ea87477bd2d2
6933eb28-6608-49e6-8a24-51c20be1ab8b,91,Claire Dragge,c3a55951-ac0a-4148-af8b-6514202fa926
471dfff7-555a-4fb4-a22a-fd2000f45ade,2,Laurianne Abramowitz,0d475391-f8e3-4ab2-a0aa-9ac6665f37da
3657b1c2-1885-48aa-a6ca-30c040a5b7ee,32,Othello Newlyn,9d5c2b13-64fe-495a-85c5-e1536fb787ea
b378a954-fbea-4001-849f-c405b4efb67f,61,Tybie Schiementz,c4b14622-6812-4b37-b00f-de8a8fcc3d13
605cff19-8729-4d52-8ba1-7ef7566abd6e,75,Sydel Schumacher,3f5d1e0d-89f6-445c-a384-9fd426edf689
bd82e719-0022-455c-882c-c310e5ad30a6,75,Shae Tonbye,27801a83-2b5e-48f6-80ef-eff0b69e43e8
a4099904-075d-4b74-bad6-d1b8ae04d575,34,Gerard Blood,f0932e6e-6527-4ddc-a09e-233e59c220ac
8b7f2fb0-5a09-402b-b6c5-fa7bda7436f7,30,Amil Huzzay,568402da-e48b-4a0e-a14b-bd9a21015794
03d61656-866d-4e31-b91b-f4b6e77968b7,86,Joyce Burney,f8118f84-34dc-4aac-8275-a5a8b9aa289f
a72489fa-f24d-4e11-9f36-4242bac02aac,85,Adele Willoway,62b6bafc-02df-4bc1-b40f-1c8c532795e2
14666f4d-b527-4011-a6a1-a612533cbd38,89,Mavis Choak,52f26e20-7199-4ccd-b477-00f628fe1fe0
523cf1f7-a96d-4b3b-9121-2df598236050,86,Winthrop Drinkall,fbe4df99-2f18-454c-b2b1-ca9a1f436f4e
81820c44-6b54-42ad-801c-04c474e8ae8b,3,Eirena Eminson,f02a723c-4b7e-48f9-b259-57280ac54c2f
49da99ec-1489-45ab-b459-a1522d556939,17,Giovanna Gilks,713a0718-788a-458a-a5cc-360f67f20861
302bc8d7-095a-4daa-b173-56fb7fb307a7,58,Towny Renzullo,0a3d1a9a-cf9b-4ec2-94ad-8809c6001656
4cb26a16-5287-4c7e-92c5-cd183dbd8985,68,Genevieve Staning,104af7c0-4796-421d-a76e-44c018d486bc
84d5bd84-90c4-422f-b833-73970fd35296,51,Delainey Deane,436272fc-b9b1-40bf-b528-89a5292d4055
b438ee6e-bc3d-4dc4-b4b7-621e42b4a211,54,Clerkclaude Macoun,155c0464-645f-4e55-a5c3-36e95d979282
62c95b91-6748-437a-850a-9d8591cd1ab1,67,Pandora Aneley,06d91fb1-b1a0-4645-875f-bedb2c933649
ed634131-a007-4785-9ec5-9c6c04fa9ec5,93,Rowney Battlestone,bdd9bc25-3fae-49c2-b2f1-2b375d0a1afc
7601d1f3-c899-4099-a0f2-f80281d51909,80,Heidi Rollinshaw,610ab897-fbd9-41a0-901b-e8050ce24cc4
b62c7ac7-411b-40a6-a792-126e78f13e86,74,Bartolomeo Sandbrook,6d47209a-09cb-4e46-9394-1b83845eaef8
952a6ffc-7b55-4c30-9ebc-e5c888671706,65,Emlen Dust,61eb998f-40f0-4592-a233-b1aa3d1761f5
94df5f69-fad5-401a-9296-6cc90d259f95,3,Davis Biesterfeld,b17b311d-b343-4227-9e64-6882cb33aacf
dd414687-be81-4249-b514-af757a803a05,94,Sebastian Gallo,b23c595f-29b7-4cf3-809e-e367ba91c00d
b504ce11-c710-4ca9-b4be-3ba46cbb66d7,53,Ferrell O'Gorman,394c2941-819f-414a-b59c-c3e387e10722
2e795ff8-9a51-4e6c-b1cf-72370150b98e,75,Redd Glastonbury,ff1d3dd2-5aff-43e8-8f10-02d0292b2253
a1b4b9ba-1c45-4787-a77b-baf477ccdc87,59,Cleo Strauss,508c3bdd-77ff-4727-9776-400a99968800
501757c9-c39b-4f09-ace1-c87ed07d990a,72,Phyllida Shury,848c9652-fc2f-4e87-85ea-e5254b8bba6b
7ba44754-5347-4570-92ca-51e4abd7ad31,61,Alon Speechly,7be7b982-b626-4c65-b9e7-338059e5178e
0d03f70a-d9b6-427f-8b94-201bb83c0396,9,Lita Wilsey,6d84a3ba-03f8-4fb1-9867-121eb85d2955
c6741846-b100-4677-b89e-c6d15c192ace,87,Sidonnie Guppie,13ed9e2a-daf5-4f1b-ac88-156ba391c843
e7d2e411-5163-4c11-be63-56f15082ec8a,34,Daloris Keeri,de0ac7c9-718d-4359-94c7-2a259da94180
06d4b4e2-c9b1-494c-9add-97439ee75084,81,Doll Joselevitch,657ac729-7f21-4203-a013-d63eb7cc649f
0fa043aa-83f7-4261-843f-b619d3fcf577,29,Sharline Lapish,73e159e0-669a-431f-ae1e-09017d28faf4
cd962b92-c69c-4911-a2da-40453960874a,44,Christina Corson,e6a6a18f-c28e-4829-82ea-59b9a0210e51
c2c4361a-eef2-44c8-bdda-52580e3b4130,23,Susana Coxhead,3ffce42a-26e9-4072-86cf-e33026ad20a8
4e7d6ac6-776c-407f-812f-8caa17734496,95,Nadia Goodwyn,7c7e79d7-4177-4053-91ce-56408328d0ae
1f4ff22a-9b18-4e1c-8bb7-56fe871f3dc5,62,Jerrold Schoolcroft,99412958-b13c-4030-afdc-5f4e52d3038e
b4c9566e-ee20-46ab-b61a-37abdc6d8024,97,Etan Summerton,3cbed6f8-8d79-4f58-828f-f9a7b918a598
7414d958-dea2-4958-99bd-58832d4847fd,67,Hercules Fleg,abb28422-6651-496b-9947-cc3e35890134
78e38926-17e7-4cb0-bb64-09892c016a33,37,Johnathon Stormouth,cc480b98-d95b-4ecb-9884-c36c20ba8962
867e5cfc-b11c-4fda-bb96-a25e8ac51c45,26,Mal Dwelly,499a9e6a-121a-417e-930a-e1bbf3775783
8d8c2b74-7512-4643-ad83-340764974bdd,70,Mel Coal,edaa4c46-22fe-4735-b5f6-4f5d7746098f
290b6e6f-1d91-4bd3-9277-c3a2924cf18d,42,Willdon Edward,d1341cb3-74ef-47ef-8d91-5de7e58a4fde
5081c3bb-e85e-40c5-bc7e-36230a7bcb16,12,Trumaine Albrook,2dcca44e-cbcb-49ad-b7a7-084537692eb3
74c117e3-5c72-4b55-bf41-c79626fac14d,36,Berthe Baldcock,762192ff-419c-41d8-a8d0-2ff9ca8e5f35
1bfdfa1c-c846-45c9-b4d5-15cc6795cc66,12,Linnell Perren,69da6a09-3df1-4469-9849-78e6f2434772
6be62bee-f201-4079-b8fa-38b7a34b2c26,56,Dane Davern,c60cc4d4-25a0-4db7-9a06-8328ea01b440
b975b8d2-1ddf-44d6-8588-5d09e44d1c92,77,Barton Gamett,16676850-01e8-401f-a4bc-3d3f4c834515
d204538c-4276-4c60-8d55-ede799881007,38,Guss Mitie,7e74948d-c1c9-42f5-8f51-a645e0fb72b6
6c83e0e2-329d-43c9-9966-f21c2b297e12,95,Elvis Tabour,2b5063a1-3c8d-4202-9c8f-fc5fa1020400
91c9a85d-8a4b-4ade-8548-a8171d680946,15,Art Hundell,b6843a51-8b91-407f-9ed3-021dada5068c
6aac0a4f-5f0a-473c-bc7e-e1cf6ab43202,74,Renie Jime,dfea47de-47e9-4087-ba44-346a3b66d5f8
b6b23739-8ef2-4fea-9242-78af0e3e2855,81,Hamilton Sturmey,6c407ddb-b51c-4e9b-b7ed-4b8e29040e1b
c81c87af-9a6e-4777-873f-6a0a1b50ea3c,41,Xenia Boagey,71d880e3-37a5-408c-9f0d-b55a4d939421
6b7923ef-bd4b-43e2-ae44-53422dfb7822,52,Mab Lorie,bfae89d6-3b45-436d-a0b0-d1d8ed0ad430
eec3a6e2-7ade-498d-8cc8-5f7d8e2331cb,28,Deny Lockery,9d7357f2-38e3-4894-9864-ae7dbea10a3b
bc2ee1dc-f308-4ee1-8918-e29cbbb9ac7d,47,Glen Maypowder,be82ff02-a841-4e00-a2d6-d4729bca24db
11a3be60-cedf-458a-8b93-ef8238a170ba,85,Ana Grier,aea46c34-d89a-4927-86df-0a0ce57c9156
11882f6e-6fa6-426f-b855-97725c09e856,91,Norean Meadowcroft,bea090e1-a185-4f82-a2b6-381d3cc5db7f
3dc89dc8-1d28-4ac2-9fd6-4c029d3dc483,13,Marie-jeanne Rippen,2ff1004b-6ddc-4a34-b51d-52f747a8d8ca
04bfea15-7aee-4c09-93b8-2b1e4b0cddf9,13,Tristam Skitch,cb6c0288-4c83-4702-9f2d-900fd5a43b53
3c2aef67-0f64-492d-bfe6-c87bf9bc3667,61,Corinna Ivanishin,4e08d382-56f3-4fa7-adb4-0414a8da57e3
7ff2e64d-c2ef-496e-831d-b8c03b0dea6e,67,Antons Exton,fbb1f24e-2b46-49ce-9bd1-b4523da6e5e9
bd6bd801-24ce-4122-8db6-d6810af7ffe1,62,Reinold Meere,8d4805b1-23da-498e-916a-dab5a0052ae3
1480d9a9-9aaa-49ec-8a60-ba2885d11752,66,Loleta Ramelot,769ea11c-8934-4cae-ae15-f74c38083f77
24f539f8-0f72-4256-83e2-682f5a12c690,100,Laurena Hufton,31002283-3a44-4cfe-858e-caca03a6e22d
e8eae021-056e-4149-8c3b-7b386d65ac4f,76,Marijo Zoanetti,98a91c9b-760c-4bfe-b0a2-eaa4192554da
b6e931e3-8093-4910-9360-cd08da15d8f0,43,Welbie Leupold,a6d12f61-706e-4773-a18b-eb1525b6811b
dd50a67b-aa04-4611-a011-80d5a93dea98,11,Marion Malim,b48b0de2-bd82-41a3-8ca5-73eb3c3698cd
b64a17e7-66ac-47e3-8836-702f67e45783,30,Perceval Plewman,c69c91e0-c2b1-44b5-beaa-9823bb89227f
9790328b-a722-4a02-9efb-22dd4ffc3acf,58,Carmelia Start,2f7d78c0-01c9-45c5-86c9-52785ce90bcc
e091592a-c45a-48ec-bbd5-e77070efde25,75,Noellyn Boxell,38cd1b40-01c5-40c4-a6e1-40fa3f40d914
d0cd84aa-1f1a-46ca-a2ff-01c2e0d0825b,16,Christye Kadar,b164b4c4-bde3-4cb6-8b15-d065271d745a
e44871ab-38d6-422f-b1eb-6447692a7694,22,Rori Burch,c605ff85-31b9-4eb2-a6e4-dfbe3c317d5f
1a866a1d-3391-46a4-a140-c3df2d6a9ade,71,Devlin Sleeford,b593e871-9105-4ae7-8ab2-7010511256bc
184ff4e8-f303-4deb-b06a-8af7cc7d23dd,93,Braden Ashenhurst,177ba48c-6d85-48ad-91ad-f042ea8fe2bc
a51d36a3-836d-4d20-94b2-105e5222cb07,44,Yovonnda Crumpton,40542c46-7b1e-4b35-98aa-1313d60b5a19
e1aa67d3-5e35-40e3-9028-35411416c0cb,65,Denice Jeannequin,cf9bb2f1-5dc4-4e84-bb36-0f5638f981cc
ba8c92b5-707e-4c86-b377-e6d433e6a193,42,Gradeigh Valentin,8239ebb6-a465-4e4c-93d4-89d5c19cd705
2145d189-8dd0-4e8c-9524-8e535877cafd,53,Valentino Coulthard,ecb05e14-9fd5-4506-8138-8094df3990af
b06e06eb-57ac-4aba-8946-78335332a9d2,100,Verene Scrannage,bd617a78-4ba9-4a64-9602-f20f4e4caf3e
4ebb7fde-17bc-4d56-9587-4e56bb3bff63,77,Marguerite Morson,acb99640-7c5a-4ea5-85d1-359d4ad8e32d
0a97fc53-8ef1-4737-acd3-1ede1f3924fb,70,Cece Pabelik,61dface0-af35-4259-a4a5-e7e86506cf61
9205f9fb-67c5-453e-9aaf-8f99222a0910,50,Chester Golthorpp,74c8a8e4-f53e-4517-be4b-6150b0509faa
a9132929-4d0e-4ec5-98b7-2e68ec8e14f9,19,Beulah Cownden,05203478-e11f-4d73-a7fa-7448900417b3
094b8856-31fd-4b8d-8cbf-c4456e79bdc4,95,Pasquale Wilbore,2cec158c-58d6-4eef-a77b-d873d3a89b8d
539d1a86-c2c4-48d2-bdab-34d78a387e1c,87,Rosaleen West,ae07371c-9c99-433c-a7b7-47567d728994
3c5ca3a7-27e4-41f3-810e-f1b8c3de832e,6,Dalenna Scholar,7ebdb790-8685-480a-8f07-e5d18f602012
eda59044-fc90-4ab6-b24a-d80ba95ec3c7,50,Mikel Waggett,8464d97c-8359-44d5-a480-1498f69c5dcd
f71511c3-f5ac-49c8-a439-d8c9f88e68d5,84,Dianemarie Taunton,555ee765-e83b-472c-9c64-ce037796f3d0
0e53bf30-8361-4373-84f4-f7367dbfe88b,78,Inglebert Orrill,02f6def9-f968-4651-b54e-7c054c562348
6fcbb0cb-1415-42fe-8c83-ecdf6bcfe60e,93,Philly Calway,617d73a0-5d56-4d94-ada6-058ff7566d11
6b3d18d7-f5be-4bfe-a22b-a7be787d0602,93,Elspeth Crinage,131c7041-2722-4593-b049-c16ae645fc06
3032361e-3eeb-4806-8701-789b88041a47,56,Gene Mitchenson,c995f043-da9b-438b-91f7-190b9e663a6c
638ef75d-6375-4c93-802b-a3f419b05795,63,Myrwyn Loeber,6bdff500-8c0e-4052-8ef8-38a63ab3dba6
036217da-1862-4e52-994f-3138b7621da5,39,Arin Caddy,54d0d344-1950-4131-8365-f320dfdcbc43
e03aedb5-b4de-48da-b63e-d003d807c8a8,36,Stacy Blakebrough,2a6f47e6-f796-46cf-907d-176fafa9d7cb
4bceb56d-be61-4602-9e53-5f2e4a1d46ea,73,Starlin Agar,48f430e0-3c9b-4a13-b040-31d8b65c2b6a
b9d8b673-dcbf-4b2d-8a9d-7ad461297c6e,79,Erny Lemmers,de367ebe-9a45-4da8-8e0d-63adc640e264
9b3f5b33-d83d-49c2-b95b-41479c9a9e16,39,Gib Heaphy,25e4e086-0892-4bbb-a878-4901252bd3ad
b6295cfb-8e76-4a36-a27a-bf0f8840d5b6,91,Kailey Nye,25377172-f60e-4349-8725-21fce84d368e
edaad4c7-910b-4a53-a823-6b89b18e55de,84,Fredrika Yearns,c4024bfb-fece-4cf4-94a6-600ce70d6bdb
cdc15335-30a7-4027-a584-24460c5a9a36,87,Mycah Whanstall,106e6260-c5ea-402a-a794-06d616bd23e4
d9c801c2-10fb-46a2-aa9d-a9cbd492529a,12,Roanne Coare,f0681e40-3606-4f01-bee4-36bbf02f8cda
636d5f54-9624-4024-b8c6-b470f707150d,33,Jodie Shufflebotham,fa9ff13c-68da-4c6d-9375-7f824221e39a
ec62877a-c5e3-4d4a-b6cb-f4fa41c9a50d,81,Bone Biggar,b4218dc7-fece-4c02-bc6f-9b247b22c846
e191a76a-e806-4371-8356-8c6cfaa8497e,35,Heddi Veeler,042bdc41-aa18-4f61-9581-d73969c4e379
6851d065-84c9-4ff9-b887-9233b2f28376,87,Seth McCloid,777c8de5-a882-4e26-84fa-fb31fa5cf716
76365e97-d2a3-461c-9609-fbc89965a5e4,88,Phyllys Smalley,e994e7d2-660d-4e7f-bac6-4f66e520eeec
4263de45-272a-4f90-b40f-b63a8891f7fa,3,Kathe Hubber,3c13906a-6316-46da-9095-d70677b522c5
95f87801-d244-484d-9e0d-121cde0d6414,51,Gil Di Bernardo,67341b99-da52-4204-9ef3-724beb05ee2e
b30cf4aa-213a-4050-9e54-deeab4481735,17,Teddie Furmenger,2f2d6772-e46b-4324-9d0d-f96f8299f348
a8c330fb-83a4-41c2-aa32-1b2b60fe0b61,31,Theadora Vickors,976f209e-1b9e-4bf6-89ab-7ef7f53f1973
b3f46e3d-5dc1-4fa5-bb28-06ab4f37826e,82,Goldarina Spearman,0e351e5a-9ac5-4430-9f6e-b3f00ac52cf9
b033d5d6-0c8d-4195-aed9-c3c719da606e,9,Allyson Hebditch,4d400706-e66f-484d-a15f-2e2bc6ea5a43
f76a9495-b4ea-4a55-871c-95a8466cec6d,25,Rurik Langforth,b3655962-b7ea-4793-ba44-feda34f09c08
a85037b4-6010-498f-8edc-a483604e405d,73,Karoline Nortcliffe,dc3c04b5-8497-489d-b315-0abd9fb8fb06
f951bb6b-4743-4b7f-90a5-6e407cd62d42,84,Blondell Stearn,65366b06-d79f-4111-b81f-612e5916d5ba
f42dbdf1-e635-46e5-96dd-91df2bb1bd18,39,Vanda Addionizio,0736aa08-7e2a-473f-a51e-39e81d6ee4c3
7c0ea482-49ac-4998-9c8e-e2260fcbfbee,93,Adda Vettore,3af79345-818a-4244-8771-96494cc5c423
0c8a3275-29d2-4fe9-ae89-8ede574ef7ac,87,Waylan Hymor,12073db2-abf1-4035-9562-6998f33ee9e4
b5e93c55-da27-4f1e-9a62-69e814091676,76,Laurie Ubsdall,c8055e98-caa5-4bf0-8b60-7915dff8d3d7
7fb57a76-8569-4303-b06e-611390baacba,79,Judon Rugge,a83be66e-51f4-4130-bc60-d8a82714456c
6d439462-5f75-46ab-9ee4-f27040ded7ec,41,Malissa Gulliman,73bd0501-38db-46b9-8025-b39b6d59cd7a
7e80d71c-5f0a-4ff4-8bae-db8b0c66ffb6,92,Isacco Jiran,7968fa22-390f-4ede-9ce4-c2e1cbb56501
c6400233-6b12-44a1-8f3c-945062653e64,80,Janeta Louden,96f97cd4-9377-47ba-b065-b540cb84b457
c2ad47fd-9d8a-4a66-8099-642860ec595e,1,Gene Paulino,42a8b313-8080-48fe-83e1-14a47381a8e2
ed0c85fd-dbab-496b-b83d-f4498fbc11bf,6,Colleen Schiefersten,1faa6de9-940a-49de-80c5-85a3a0dad36e
adb08142-6e9b-40e8-a4da-52863723d29f,40,Ailey Wagge,e22420c9-e7db-4abb-85e3-9ab2dc98c2e6
f0ac8e36-39d0-43f1-af13-4130171083d1,36,Laurie Grubbe,34ab99fd-2887-464f-bf77-3369dad1125a
905e86e5-d6bd-47c1-a8f8-6a0697e5418e,99,Kelly Luberto,5800b2b8-60dd-4b29-a6e9-a754b507042e
facc1d31-ce3c-4065-acb9-ec22023cf888,77,Susannah Cocke,09959637-8274-4366-b437-ba38d6f4e26d
b7e6a958-28b6-4298-862a-fefe077c28c7,32,Gauthier Beecker,8ee0329a-df57-42c8-8fb4-cbb8379f38b4
182afa6e-f07d-43ff-a30f-a027df1671ad,31,Karl Grimbaldeston,8b2743c6-165f-4588-96b9-a3726047dcf5
d8d48c2f-021e-4a38-ab6b-448e56ca49dc,28,Latrina Gratrex,6e3a8e90-9799-4ac3-8d09-836e27b3d80b
3a439f45-65ce-4d31-bd37-128f45c42ed8,93,Francine Paolillo,e3eff9a9-2259-4f76-ba90-70e44059ea65
4224cde6-c29b-473f-91b7-796df254ae61,47,Betty Minard,ac13b242-0d86-468b-8635-961f0b2c2fcb
f981ebad-a508-4d9c-bbf8-0090d83de29a,89,Rogerio MacNeish,46153fdd-3f63-447f-acf9-a446d6e0b171
5a6da992-9e81-412a-b119-3b09e5dd26d3,56,Laurice Capozzi,1ab7018a-c2a0-40bd-97ce-5ea2c4dbe922
e4963448-e1a5-4178-afde-3edc19cd3197,29,Willie Rolingson,83567d70-8517-4c4d-b519-8072f34d8042
bddc022b-c17e-40e3-86f7-de2ccb6a1c2d,26,Laird Corps,5f157754-3616-4f7b-9a70-d96fc3f21752
1c10e888-b418-40f5-bc3e-8a42aedc24a2,17,Caro Heineke,1e5aa8a1-140b-4f4c-bb47-18effd5c6943
07f64ced-1046-46be-82e7-1c284b1b73f6,71,Wallace Paulino,fb868009-6280-4c33-8197-a02ae21a0471
2ae841df-b70e-4cda-8c39-e16d522c0d9b,37,Ketti Speechly,221a4877-a0bb-4684-8164-66e533dc434e
e3c93184-df6a-4537-a00d-6b282c395738,15,Gerda Levitt,34bc6ba9-2a7e-4ef4-8c2e-b86ad587ef7d
f2abb58a-2ef0-49a7-8bc5-4fcdf399d07e,23,Shirley Attewell,1864fc57-e045-4db3-8a6e-85309ea1a1eb
cf064c22-ac32-485f-9b7c-6396da49c271,82,Kaja Tregust,d2fbecbf-7288-466f-8f6a-618893167521
25d26ac0-8eb9-4e05-930f-f24a3d10edcd,78,Deena Bonome,dda069e6-5051-430c-b127-431fc8964772
6f3188e6-e514-4a8e-a8c1-8b45a4a6dcdb,28,Sascha Mulford,15f57ea0-ea70-4041-b98a-1ad0d6e94f32
48b5cea7-eca2-4e59-abbb-43b5b3832d64,8,Smitty Kilius,84027bc8-681a-410d-a6d9-6935239cd793
fdbfb5f2-96e3-48ad-ba8e-963474f25d2d,11,Leonanie Blain,59308e85-b84d-47bd-aa8b-37744f88ceb5
5d17e189-e41d-462c-bf3b-68ab9b7023d8,97,Benedikta Frostick,31d62c83-550e-4667-bb23-cdba9c2a6924
c678c0fe-9f02-4cf6-97cc-b5f8ed0c27c6,90,Geraldine Sutty,c9277609-9e8e-4512-86f0-7e8d0555aa09
dbbd85f7-1f3c-4fab-a083-35ab64853012,18,Jody Shills,4173eff1-f6ad-43d2-a368-6cee3e51d1ed
9aef8a76-213e-41b8-832f-1276ae2d32cd,10,Tierney Sporton,e0806050-1d4f-4497-a119-9508d98fbe2c
740a9c9b-6fdb-4c78-ac7b-24625610a56d,5,Omar Mariner,2417b484-e104-43d7-84e0-cd9553ebcd79
c5ba5fa1-31f9-479a-b0d2-cc61080b71ea,74,Sibella Graser,c006e78a-8b6e-4d21-b20b-8c8b50e37ee7
202ee61c-966a-4a99-99d5-d77fa5a8a266,9,Rori Petera,b62ecf9e-3bc5-4c71-ab02-977d87928c73
50b3170f-12fd-495f-809e-d71ec34699ca,34,Ashien Haynes,90123824-5b20-4e73-aecb-2f79a2f4294b
9e36f087-110f-49db-945a-b569b1f995b6,50,Bill Brownsmith,176339b4-68c3-4107-a98d-5ea47662b5df
162c3381-85a7-40dd-af10-47ec54f72c4c,55,Ichabod Almon,499ee9a9-82e3-4761-b7a2-ad9f21183c83
dd1d8954-f33b-4569-b56d-c07d7be32d41,94,Aigneis Jersh,5f24fc65-c99e-4318-a7a1-ee963b26cfcf
e661eafc-d6a7-4670-9b0f-78e22b1a2bf1,52,Evangelina Romanetti,14a53268-fc68-40cd-9d72-b3d8585f4d59
ba3d86e8-3a17-4104-90b1-c1b2f0e4f864,82,Alonso Cason,8ae2dc32-5f05-47d4-a7d8-34f24cb86be8
e9bf5264-c555-41a3-b923-a52321d31422,89,Bee Fynn,28799a59-9e22-432e-91de-8eb90d4952dd
cc224160-24fa-4696-a087-60eaffd40b79,76,Barty Cosgreave,c3e75f5c-eb76-497c-826a-dc9d7ed318b0
1db1e104-862c-439f-b878-60518e0c3cd2,24,Chelsy Mattys,62f2e0fc-8c54-4e06-ae4f-571cbac0b2e5
84563ca5-154a-43e5-a103-682168f005b1,100,Zuzana Greenroad,9b098956-62e1-4f08-8536-a348268f0293
39432f15-aa22-45d3-9f34-ba501eea3101,81,Corette Metcalf,818105b1-5158-4855-b6d8-821fd09d57c0
4e010648-834d-409f-a689-f0052e294a19,34,Shawn Babbs,220add14-3378-40b6-b7e8-9f1aad9b2a59
b6cdf05d-2a86-4190-8020-6842a76c2197,93,Willard Gorger,d0f398e3-f21e-4b7c-92c0-8b4632730ab4
abb8d964-2d8e-42f9-886e-1c1fe1dc2bdd,7,Miguel Frantsev,5c5d5d21-c9f8-456d-8933-1c749984edc6
d4597a47-c4fd-4c21-bbb9-d8e6501a15e2,11,Robin Hullock,b30ff894-582a-4e7a-8276-5d69ace4fffa
d05a5927-6ee5-4887-be17-d9a17954662f,35,Belvia Constanza,dd7f74d8-b8cd-471b-ad0c-8e56bf10911a
ff78b942-5a68-4173-8a9e-a89096ea81aa,55,Rosy Edsall,228ab3b8-e1b0-41de-bd4f-d07e9d917f26
9042da55-b3eb-4eec-9b28-58cdaeafad59,34,Creight Bixley,7342f880-3287-492d-8d1a-bda4fcdbf5b7
ca34d9eb-1233-4027-96a9-b7ec37b9c94c,90,Amalia Capitano,c0d1e7e1-8576-486a-bbef-26e2e791a20d
2cf482e2-edde-4591-8c4e-ad18429b5e23,10,Theobald Felgat,419fcca3-2939-4700-af59-a550614c4f30
f4d2d162-bb1f-4221-8f33-06b38948ea17,100,Tore Linham,6cfdf09a-f98e-4078-b9bf-ee35528edafb
54e51166-0abb-47b4-8fe5-084f95d83a72,21,Gabriela McRobb,b65a1516-a184-4669-80c2-1ffe3702d90e
26ecf899-ca93-48c5-b0d2-c5f9fdf8795a,45,Carree Dufall,0765b5c8-95e1-49c5-ab05-20aebe00e2e3
7b9b8240-7395-4251-9906-436ed9577d08,33,Annalise Kmiec,a85570a8-69c9-4766-96e4-1762dfa7cfdd
95551846-9840-475f-8747-4a07cfee101b,44,Andres Ivashinnikov,af4e6155-141d-4bb9-a281-e962dafb3a21
056f43a9-ddb5-46ba-a103-203c62ea8048,28,Sofia Dibbs,14f5c2d8-0691-4baa-8963-991dcdc9a213
b639f191-b77a-4eb0-81a1-26250d8eba8c,47,Xaviera Croshaw,3a064386-06fe-4ca4-9190-649b57e9c8be
d7733f76-446e-4b66-b9b6-fc42b45e9e6b,17,Antonetta Gallatly,3a8d2b91-12af-438c-8c49-d1ecaaf8dd38
44b783f4-28d1-433b-8965-7cfdb815503c,30,Dodie Ranaghan,752d500f-975a-43dd-b9fa-5690bf51f146
035bb054-caaa-4ac4-9929-4699a1dcfd13,3,Sharyl Doyley,70fbadab-6eff-4798-95cc-527fb69e1c53
ecb5c6cc-57e7-4f74-9a69-b327091b2da4,81,Shem Milmoe,ae19e9b6-a245-4eb2-b6bf-b385ced6b6f9
38419ced-9c0c-4011-b5f2-a730c19de738,43,Avivah Axtens,b5239576-5c5e-4463-b29a-85e673c3d361
0a299d75-9782-4a27-9937-a8391e7a0e1f,51,Lynett Skain,b35fbbb2-c2ff-4e93-b414-9ff9a2884f3c
9a4cdcd1-b59a-4d1f-8528-1eb94b56f577,33,Consalve Sturgess,f1804c42-14a7-4bf4-8773-be2c9d046831
d0b960d5-f354-4c76-8786-716cbe25651c,59,Ashlin Mant,0cfacf78-2a94-41ba-ad1a-5bf9b2dce664
e74719cd-4fd2-45ac-b149-d93f25a18cb8,69,Ruthie Roscrigg,8efc2734-16e0-4ee2-b862-eb5103fcbfe3
204c4328-d51f-41df-9863-5238a6ee3570,5,Tine Espinheira,c737e331-8a28-4d75-8a7e-a2379c58caf4
354527cd-f8a1-4aa4-9c3f-e9de01c8135e,86,Anson Emanson,55b5e723-95a4-44e2-9616-5d50e9cb3702
e4c4fa29-0f18-4e3a-8893-73b5d3726c19,31,Enid Burgen,21c88331-fcef-484d-a442-681ea01478d0
6aecfc12-019b-40fd-992d-8e6280bedeee,74,Roseanna Drogan,8de4470e-94c6-4935-98c2-4b79c415ad44
8cf48d8e-ddf9-4841-a69c-7ca209b0e1df,34,Reidar Stothard,6728762a-4c65-4e6f-ac66-26cfc335764b
5442071d-a458-4494-9b3b-77f8e27d496b,82,Denise Lerigo,b6994782-084e-4e91-920c-d0972533beff
d347fcc4-39e4-4969-8ce2-646ef08e3600,12,Ramonda Mullard,a69d1ffe-2cb0-4ae6-977b-8c241cd8ec27
6bc7a885-364b-43ea-bc64-9f210fdee8ca,38,Kellen Booler,f9863a98-1519-42be-9898-9122a5d393a0
31e61bba-3e39-4e5d-b8c7-894909210396,84,Matilde Barefoot,d6461724-50d8-4663-a4c3-798920623e2e
c65c01d7-308f-4976-a2f8-a5888a37fd35,18,Garrot Vasile,a21c1416-718c-4254-baa7-d4826b3b576b
c018befb-07a1-4a46-83a5-e254e66ffab4,40,Ancell Dron,3a02e3b7-7e87-40e6-a0c8-2f812ebc8ad7
e5378656-b7e9-435a-adba-23d9b6d6f831,90,Haleigh MacKall,e8a7fcde-5eef-4e4d-b6c0-6fe192f0973e
95526d2b-20c7-41a1-885a-bb78a620226f,3,Christen Surgenor,89f1ca9c-749e-44cb-8a89-366d3aa415ca
b7435571-739a-4399-a303-d3668408fbe4,78,Loren Szabo,30543d2e-2ee6-4075-ac39-9b09116ba7f5
b38fafa2-7270-4890-8523-b1c21b920537,46,Amy Appleton,7436d318-e377-4406-a597-35429c9edbaa
5737030a-7677-41fe-8d47-77be959882a1,100,Frank Whiterod,5bc112d7-9cb4-4e20-afdb-d5e6baa5a952
74cb75d8-8879-41b3-98f4-172aac49617c,28,Jaime Stain,57409bf5-e1b8-4620-a2c4-4f08acfc3150
3d217d3f-5199-4194-8ad4-230631e67e89,40,Joceline Stickler,196c8a8c-352e-4251-88a1-5c97529b4379
9b9f1b4b-a5ca-44e1-a842-ccfd1d44386d,65,Albert Colman,13731d18-8824-4779-b4e6-be68a48b2163
393fb1bb-949e-4a8d-8791-6918998a9abb,28,Nert Gwilt,a5fb7575-7d67-4b67-aad6-c784c9cfb3e7
7863ab24-648d-47ec-b243-cf582e989594,73,Robbie Bessant,e1cc62fe-4c1a-4d3f-b7bf-888bf65bb0c8
b3c14c7e-a8e1-4766-a9d7-2c43c3a4c260,95,Karyn Goodram,41df8a1b-1ca2-4fc3-a4f9-104799303402
5d5c67f9-4cb0-436f-9310-d184833e7049,81,Darby Stockport,1f78b90f-3a16-43a4-a5c7-3b7b2c186359
389b5f44-90f6-4635-9aae-a34f045dc81c,97,Levey Stivers,e897fddf-b8bd-4974-902f-3221fc36bb14
dddab190-d5fb-487b-88d2-0e29579f71c6,56,Lilllie Bulch,341340cd-0351-4c29-8489-90ee97c81ed0
f0526b83-925b-4e53-974a-f6811224945c,13,Berte Sullens,c2a62bc4-90af-42b1-a380-f48feea2df38
6f7c934d-7221-456f-b42d-d937bcda99b6,4,Shoshanna Lockhart,192c5b5c-b3a7-4aaa-ae83-9e84960778e6
0c54e045-bde5-4317-81c9-456a3f917fa0,48,Alessandra Marten,a67cda0e-dc98-4770-a6cb-4be98d2579d3
1f3e6e7a-2818-4434-a304-4634f2873374,69,Clotilda Le Breton De La Vieuville,26345f88-8e5d-44cb-8847-7a1cfd100a5f
8a80c8d8-dfb2-4632-922d-b6439fbd7f8a,40,Carrie Holgan,36d147cb-f3f9-42e8-bac6-12612c4ef8df
1ccea96d-8b35-4100-bd9e-6ec9569e2110,42,Padget Grinin,7f23f35b-0228-49e5-9419-d413eae95d2f
17a234b5-0fa8-4a73-88eb-134eb6d1db37,55,Arlyne Cutchie,a4385f57-5159-4f5d-9038-425a5abb0892
09bb4c76-aeaf-47cf-ab7e-f612b53c2e1a,99,Pate O'Hear,4182c0e3-9163-49c7-9b66-6edce4598005
91fbe6c3-7166-49df-aee3-cf2517459e4e,67,Selie Poulett,26af8bb0-bb54-4555-aa1d-7f512f8d7407
9976cd2f-9266-463d-af99-29e2a8fcc436,45,Ashli Fairey,b4f8bf8f-ba69-4e0d-896a-05532ed844ab
e0659220-b64d-477f-af33-c9486bbf8369,78,Hughie Landsman,9fa46c65-5d88-4b95-84b1-06f44569a2ca
95b4da27-ad03-4e76-8a98-90ef80c6f29f,21,Burch Thom,7be7be4c-9a4d-414b-b4e3-e081c6a046c4
423ceb90-72d4-4939-96fa-9ac10d62159f,58,Norma Duffan,342eba65-b7b2-44ca-879c-cd2f4ebfd829
65c3a56c-5eda-434f-8f17-b82ec71220bb,25,Sindee Thredder,5af6dc23-0a9a-40ab-b587-0528229c6956
65db8769-f727-4db8-87e4-b61562b3e83c,11,Ruby Renvoise,aaaea644-be16-4706-acfe-a79df9fec13a
7046ad0f-8fb8-46d4-9784-d998926929d6,18,Gabby Crank,98f1d105-7014-487c-8d88-518558a13f71
2f55b51e-7241-4cf7-a8df-e27c2ea99bcf,88,Udall Mewburn,22970eff-1ec9-4127-9e66-dc04b96ba5c8
24de9f59-f461-4293-b7aa-a18f488480e9,72,Jermayne Minchella,11a879af-c48c-42f6-9c69-5c032ffbf89b
c54b9a1d-96dd-4134-9165-a0f85692b91a,44,Randene Krugmann,c5d2b7ec-05e4-47df-a626-84361080088b
2cf2a4d1-9e73-4a37-bffb-138557e5b2ad,56,Domeniga Gribbin,ed9f0821-a691-4762-bc90-fcd406c3ce55
ab7a99d6-f359-4d33-a917-eef0f45da4e4,83,Perl Pendrid,b7f138dd-7e8b-416c-8b6b-ae51e56394f3
acab24de-6188-411e-908f-e9bfb5e267e8,97,Jerrold Litel,42b8f993-b673-4f31-b715-88940e4cf082
225115f5-1bd6-4810-9519-7ec238da6b5f,49,Joanie Schurig,c20eeda1-1c64-4249-aa47-534e7e115651
36d44e8c-c731-4c86-a33a-a41f9f683994,6,Giraud Shermore,74665e40-5f5d-4250-a924-c5fc16355b51
ae8c3a67-1e2b-43da-89b9-17db2c2c0868,8,Alisun Scolland,41a00b21-1e19-4d17-a4f6-a95d3619ad7a
74f73ec4-fb0a-473a-b33a-54530c2943ec,45,Baillie Mylechreest,4b7b8a64-4176-42c2-8e9d-6387fae6258a
23f2bb63-4d8b-4047-82a9-797ecca29467,96,Ellette O' Byrne,59f094b9-e204-4b27-92f4-ef06115a9e47
fe2f3346-440a-4f3f-beba-a04010bc2b09,54,Jere Lewtey,cacad414-7520-47d0-9f4a-faea6a359a5e
5e6e10a7-7987-4a75-8d7a-0c4acf390f11,79,Phil Till,7b753f37-37b9-467b-9070-db7e3699b873
734f06ee-95ee-41f8-9d4d-834a349cd0eb,13,Coleman Panner,d68a0816-8bd1-4d2f-bd5a-75e1b754ba68
cf6065a4-0daa-42fd-a794-42dd5e7b7461,44,Aviva Romme,30c5ff72-7a98-408c-aa92-edf16d4a0daa
d5967828-0cf7-46c3-a37b-212ce4da36f1,30,Jeramey MacCahee,5aa7198e-7eb1-497a-97fb-ef2fd9aebc8c
2c094102-347e-4b0a-b110-84f9ab35046b,14,Karel Donohoe,d15a8c12-5d18-4ac1-9ecd-38009e835747
4eca4c8f-595f-4fbc-a3ad-4d5f7a23d6f9,32,Crin Klehn,fb7927dc-9172-4096-be3f-3054466583e9
11eba8b0-19ec-4d99-8d0f-3db973dad283,40,Merrielle Gwatkin,41d32104-b3d4-4fa7-9ad1-2dc34cff4fd4
f0be25f1-4dae-421c-8395-ab2afafd0d4a,51,Emmalyn Cleveland,6ae8edd9-a9f1-49f5-bd71-a5d112a035fe
c36126aa-cce9-4827-935e-d194a2320e50,53,Gretchen de Cullip,cb4175ca-4909-440e-9c80-cc95e7887719
2871e4b0-a359-4583-8879-27cc7afa52fd,30,Emory Shyre,72175f27-1331-48f3-9c53-4bcd452c38be
c35028ab-a6ca-413c-986e-04d38fe7386d,78,Max Pycock,0e89ee4c-e462-4f52-83b4-c2a3ca663bbf
be8ee26d-3c0c-446a-93ec-2b8e79ca9e4f,38,Shandee Badrock,342464a9-8f32-4bf9-942b-d44086d77270
ddfecc68-a1e8-4397-8adb-090f71c72a23,51,Abbe Stainfield,d14f3cba-6619-481d-81ef-97fe001f729e
4f5740c6-a0a4-449b-885d-56a940d0ed87,29,Craggie Fairham,78993457-42a0-48e9-8654-c48f8afa5a8f
221be2f5-88c4-4cb8-8546-6d90bb9096d1,7,Marijo Banthorpe,e8d9747a-22b2-4747-987e-6032d4166683
b9603e37-2fe5-47ca-8c4c-36b03e6e047d,20,Collin Kornel,7a3921e1-9bb3-40ae-a662-07b329135c33
e7588b4d-4f41-42df-8163-47787df972a2,63,Cord Scartifield,9f2bb526-ee62-4a11-9b53-953064c3f7c6
f2a06a65-4e76-477b-9e24-2f5e7684e7ed,81,Artus Dunlop,4a2fb73e-65fa-4703-be57-8caa6f1e6865
892faa3c-f05c-445b-aa09-85be40d97999,92,Dru Imesen,08856a4e-b539-453f-bc45-d54e548346e7
2839ca65-da93-43b3-a19d-3883f9378721,26,Myer Coppen,5936957b-830e-4e36-b129-05f8c8006805
61268d44-a229-4410-ac2b-609146c6a92c,87,Bryn Callcott,64e9d49d-7d51-498f-8352-7e1cb5a8debd
594ed182-dca4-4eed-9d02-91791aee2259,82,Bertrand Kenwright,0673c4f1-8cb5-419a-b301-c24a417163a2
bfb87160-ae7c-4912-adca-9fa441df6c36,5,Katherine Exer,6c27c2c5-9be1-45a0-a3d8-384f4e9fd139
694f1155-c313-43da-bb67-d1ff3a6781b0,26,Gay Medler,6551a334-fc78-4eae-9211-d5f4d3424079
89bed7be-2b14-4693-9770-fd40b77b1102,72,Tamas Dewane,dda2e0c6-3d8d-4956-a485-006c60af3342
5c14792d-79a3-4e51-981d-34151dd58660,17,Rowe Ridgwell,d7775cc0-315d-4c1e-8087-48b321b70973
83a5a6b5-0dd9-49c9-b192-3abadb3ded24,8,Bernelle Perring,0f4067a1-abb3-423a-ab02-75f30c6e1194
2fc0b960-b1d3-4b4d-a887-f1f601502146,37,Rica Drakes,91967514-1325-4158-b8ef-fc2074db0562
095769d0-29d6-44de-a18b-a0ee40838b74,3,Wells Marlowe,877fc9ff-882a-420b-a6a6-b8dd0377b74a
cd558954-8536-409d-be13-93bc1a6c3d1e,94,Lexie Fluit,9a6bb56e-136e-4864-91be-5a1c9cdecefe
ebf9f48d-8424-4a4b-9c80-3751a926c8b6,35,Keeley Dicey,579df58d-30b4-443d-ab4c-74049dc7887e
5997ac9e-78dd-492c-8215-02b7b9c2c5a2,8,Edie Weedenburg,e4bfeb3f-4854-499b-81ff-1b8782312c13
dfcb8424-58ad-430a-9b4d-50680133419b,12,Ninnetta Easum,26ce7fc2-4107-400d-9114-21f9d300385d
087797f5-8ace-4f47-9ab8-827663e98f49,76,Jacinda Ohanessian,c8c81316-d001-4092-be8d-3281ee0e716f
f387627e-ae8c-4437-93c6-0cb3e9063e0a,18,Roscoe Durnill,fe648e08-c1a2-4969-85a4-191040aaa653
235a5008-8e41-4fe2-aeb6-aa067eb389e0,98,Giles Burgess,02bb256c-7724-4f64-ae0b-a108e4919d04
406c16a5-a9ec-4111-8d07-8d22d7ec7d64,72,Bond Piris,7aff3c9e-70d8-49d3-9e12-1474feec459e
b67aa023-556b-49b2-bcc8-fd1431c62e7e,38,Ahmad Spinks,440d5f82-356b-4f76-bce1-7b4dd8e8590b
e9501b1f-6701-43a6-b6d9-b614a373c33b,27,Kirby Sheerman,e9773184-9878-4195-8a37-820338959f24
4763734e-58dd-45ea-88ce-9b4b6e6303fc,87,Mufinella Bonnavant,1cdbb22b-05e3-467c-9998-fbc19505720a
4374444b-3b86-4702-b99b-6a3f463be64d,98,Mycah Jansky,56c1af74-0c98-49b8-92ad-5b0408884c57
bfa294e5-9237-4a3e-b803-19a70503a871,47,Marty Barthrop,e5cf7fe1-c9bc-4fe5-a49e-d89bf4fdcceb
23ca6379-44a3-404d-aead-e2dd22a8ce11,15,Tomi Loveland,8a817384-46ee-4804-a13b-87dec4b2e994
a9e3d75f-8fd2-4609-b578-69c04aa21350,54,Vito Kropp,9c638c1e-4292-434d-ac04-7ed3c311b2d5
c78b47cf-0bcb-4778-bb1c-a17176a445b4,55,Napoleon Yurmanovev,a92f4dc2-1fec-4601-9569-cb5b522f0f23
8facb857-9ac2-425b-88f4-aecc73c3959e,56,Gordie Granham,881d8ab3-b16e-441c-b852-2c688cd536a1
5cf8699d-a783-4693-9c84-f2f322dba90e,51,Halsey Dmitrievski,99751b43-bff1-4e0a-af70-1c1d0bb4b5d5
3421c493-d898-4020-a5e3-a808a1c055a6,9,Barbi Tanslie,7946b7f0-c14b-41d3-8f6f-bb76dc9d138f
dbf3025d-3236-43be-9038-47a7846aac22,60,Cchaddie Wilkie,2f49c3d2-000a-42a7-8f16-4bf8338cb4ab
0f045544-bcf5-475d-8d43-f6a93a78c690,40,Nathalie Bartosch,bde38ed8-2d5b-49b9-a26d-ff87e78b963c
4e6d0f51-6a03-4260-bdca-f7e9d74249b5,21,Fidela Domb,e2691cf6-3515-4ed9-800e-f6427a4789af
7da14ad3-184f-47ec-b1da-2436e8d66fa4,36,Carina Tweddle,628d1962-ee3d-4ac6-b841-986864c5d3ce
ac613bc4-e991-46de-825c-667aaebc4e50,27,Francesca Scawton,062a9be9-c4d3-4f9c-b2db-c7a4452af3c9
7a20288e-670d-48e3-aa71-cd025ba834a0,78,Tasha Murray,f7f76104-f6c6-45e7-ab58-d8f2c886e8a6
644d1545-a63a-4193-9c53-48a88cae5729,29,Cortie Dugue,db8952da-405d-499b-8587-45af5b8d518e
8e41fa73-15c7-4121-a1a7-c2d57d1a7cfc,49,Ellissa Boother,c14c2b9d-bb57-4c02-9abb-a5f260193c0a
19a1e6b2-7444-4ceb-98b0-2a35a903206f,22,Wayne Biggs,2227782a-2c86-4cc1-9437-7a4f750b9a72
fe377754-923d-4123-a9e5-016868200d0d,45,Geordie Turbill,ec063a15-2129-4e05-a12a-f7be1eb49f3b
56a219cc-2593-469e-aceb-4b7a6f2b39e4,3,Kristi Vivers,85890d53-3335-4ea3-98fc-e365f2ffd1bf
848e8ce5-14a6-438e-973f-85a1c22ac5bf,45,Freeland Sergean,b89302bb-3c75-4eb4-af2c-8ac3b194d6cd
2cdab557-222e-49c2-a9a8-613027d450c6,100,Raychel Southcoat,5569494d-4627-48f2-941f-01f60502d59d
77e8a2b6-d844-469d-bf83-eee2db2a3e23,59,Leon Ahlin,4d7f0421-3685-457b-8451-d828ccb39840
0b493b7f-881f-440b-8b7a-e4507a1a80f2,14,Laughton Vain,c46facf8-19e3-46d7-aa69-a9705be96ea0
c9572f19-323b-4997-8723-4be47dd96f6f,50,Charyl Ringer,a55e203b-ffbc-4009-9c04-0830fee46ac4
db48ff4f-bc00-428f-a3d4-56d64c0ba3bf,39,Granthem Lynes,ef23ba91-4cd4-4ffe-bcf4-0a3a0d2c8cf6
ddb79f34-e7f7-4c1e-a652-539c13cceb32,7,Renaud Kingett,8feab422-4070-402b-8b45-ce5db7a680e6
fad1098e-5c23-482d-88d8-461b5417518f,77,Ruth Kaemena,a70c1cfb-cb11-4122-bf8a-24dba1739c4b
1a00d4d5-2bcc-44d3-9220-f7603be32c65,46,Gipsy Artingstall,ecf2b6ef-35e9-4009-90c4-5a3dadabb247
0e1bab43-4eea-4978-8f84-c25e2b34360e,13,Sophie Drache,74840512-73e7-404a-8e90-608e74d6b683
ba00b629-8125-4cc5-931a-daddc3ee6a76,53,Vincents Battershall,71248893-9609-4450-bc04-f291499039b7
0396f1fc-e98e-483a-8bf2-fce953f1f2a2,80,Waylen Tight,63df2a03-ae76-4fd3-ba10-5e9ba9101cee
9a102f95-4d19-43bc-b264-3edeeba10297,65,Nissy Ferrieri,c40e3d6c-164b-4aeb-bc77-4707965f882c
2c060365-ff48-4c65-9f66-9a122822be93,83,Curtis Wyer,d5adf516-6276-4743-b8cb-b14f6eb6c60d
5e8e2e84-a918-450b-8a00-0443500f2f26,87,Laurence Riedel,7afd2652-c03c-4836-babc-fae9d7453d88
35e9e537-7ec4-406b-9d03-69da4603ef3a,72,Luella Fulks,c621e31d-f6e2-4a9b-b366-83edaa0d5669
043ecd6b-dfac-4ede-8441-f8db1fe39c0f,22,Corenda Duffield,a4082af4-2762-410d-9f45-bbe7f1cd91f0
f9fe39fa-8cd3-4425-9f88-a3f9865e1cf2,57,Horacio Mulvin,db84c37f-d3f5-4288-a215-46d0898d3812
e3838ea0-8c61-4ee0-9abc-a6dafdc56bd8,16,Baryram Lempel,26986473-78db-47b0-a742-533a8fcd5db4
aeb161aa-6936-4529-afd8-4ddaed4b9641,34,Venita Scullard,21f1595a-e8b8-44f0-9f06-29bd579856b7
899ba8e7-e012-4be9-b803-842316b4e559,85,Amara Brisson,a0b03d2e-8da0-448c-9175-d3951b1463f5
d22a2a4c-a12c-4b3b-92c3-e1ecc72db606,99,Seward Battersby,00390297-13c8-4aaf-8b32-44e6f314cd1e
f410037c-2bcc-40ea-8d99-46b06cf05473,43,Ferne Phillips,d92504ec-3fe5-4adc-8e04-c794fd348b2d
d0220843-6931-4d0d-99a1-d2df33cdd5da,15,Marigold Ascrofte,6b7dd9d1-dee1-4879-8eed-28389a62396f
ac3bfbc8-45b0-4a25-a7d0-a0ab7b97d817,43,Matty Alywin,0ecb6a51-6ece-4e73-87df-bcff81b73963
b3fd21bc-abb4-4631-949c-25dc3df65b31,21,Carlynn Isaacson,60a297c2-3938-4571-8ce7-995670be9996
7bdc482d-0aa8-4e10-bc2c-356c686723b0,47,Kacy Bertenshaw,97954277-6e43-48f3-b0a6-c9e860bcd455
8b989100-d00b-4e52-b6c1-8c95edd72957,50,Dody O'Halloran,9b77a4ea-f419-4fb3-ad9b-329377166224
b9325f3c-1750-4f01-9f74-fd4d2c822098,26,Tallie Kopta,0be91cdd-ce03-477f-9fe5-7619cad69eb1
36c7c9a3-973a-41dc-ad63-4c26d0b116e1,87,Shoshana Kingh,a380654d-f1c2-41e8-8b4e-c0518251c575
671b6b1f-4c86-4267-bcc5-6ea546585ad1,83,Dallas Clowton,b3874072-04d2-4b99-bf99-f07386707fb5
a85973dc-067c-48ec-9bb7-26770a3c52e6,52,Nealon Noorwood,60d530e2-b0c8-4659-9856-c55e87713a1e
4751e0f9-fed0-4ffb-a0b9-ba4c02743099,18,Jeremie MacDavitt,c139411a-721b-45c1-bfbf-86690b3491dc
2887c1f1-0258-40fd-bfb7-735396794b3f,19,Garrott Clunie,f69f3437-8398-43af-80ea-ae2b6e24bf97
7cad5654-8bdd-4c6d-9de6-7668cb0131b5,57,Penrod Danielis,d0015856-e689-4c41-8413-52e7cd7ddfc4
5bf76ca9-454f-427d-80fc-65ed4f7f9e51,92,Renard Northedge,643fac5d-c0ec-45e2-8ea9-c5928b126c8a
ed479aae-34b9-4c2d-8c89-cd86c7800aaf,7,Zonda Rawson,104955b3-e224-4e81-9a16-bc8dad95660b
5b5c1817-53f1-4488-8afd-435b53535b1c,65,Ellissa Rollings,c5d246a0-3eda-45d2-8a95-c77738db91b2
5e552e81-d076-401f-89dd-4bc5dbdcd97c,86,Fredelia Negus,730219db-fdc0-43d1-bb22-382c021f45c6
518e9b95-c956-4c96-b95e-2e9e7ae59519,35,Eddy Kerne,3414b77f-f46d-4efa-87b1-3b0d1b7ab899
f9ea80c2-53d8-4bc3-9b65-c90f06e918f1,78,Arel Leese,4980855e-e0a5-4cc9-a944-64ed533dcdc5
caeb228a-ac1f-4341-89dd-e3a522399791,8,Thaddeus Mowsley,77656011-f8ed-4e6c-baad-a5b9b6aba5de
f2b6b163-cc7f-423c-b8c8-1fac93cb1436,20,Kary Pidgen,177b397f-d596-42d2-830a-338188ce1d54
15976f60-e295-4bf1-838f-7f3ad869a8f1,39,Sondra Harrold,1fc9a41d-5289-4711-af44-2a9e26ef5110
1514ac2e-dd3d-4da6-94c9-638583fce6e1,21,Vicky Mizzi,54125292-345e-4f53-a2a1-90fd8ffda99d
04a5ae15-909e-4943-af3f-79c78a8f1b2d,100,Carmel Darey,2558e7f3-061e-4382-b88b-f185f025a71e
b20230cb-58e0-4326-a7b5-074eac41e90b,70,Antonina Starford,42f93dfc-417a-497b-a836-074cbec36bea
5c6454dd-8ea7-4d9a-854c-67c4fa03e9a9,75,Chrystal Bailles,8c7a1325-95a6-4c3c-a12d-655e103f388b
e53064b2-b58c-460b-ab69-bc976556fb98,100,Carrie Onion,a1236b6a-c03d-46ee-9956-10f1fab85146
06e25210-2c84-47fd-bcfc-d81d19c71596,83,Penrod Crampsey,5760d4ea-0c05-48b2-bc9f-fb35f3892559
cbcc9836-fe48-4390-b3aa-bc7cdd399b5a,2,Stacy Dooland,4d4b42c9-8b00-4b06-8aa1-7273d7568374
0f3e086b-d4da-4169-8a1a-d2635f95a85e,58,Charline Van Leeuwen,c27706d1-ef7b-4bb6-92b5-19653a807622
6dcf21b8-a0bb-414a-870b-e7db7b6e26b9,58,Reeta Langlois,cf6fedb3-719d-4293-81c0-54d294b14eb7
f082e430-aa49-4cb0-af6d-86a12e22e0ed,2,Vere Rives,9c256b2d-5029-403d-a1ec-f444daa02a87
55f10c28-ac6f-4170-ad24-d593a825d0be,48,Lotti Greenwell,56a9332a-7b7b-48f6-b4ae-988c1f949b46
c5e81065-3768-41aa-b693-962c59ecd303,90,Demetris Heigl,3a53a821-04f0-48d3-9717-84106ac56689
ffc83e5b-4491-4ef3-b5b2-502ab45a289c,44,Cicily Routley,d5d80d52-a6f1-40c7-82f0-6b3444c71e16
67f64c7c-b0ab-4d92-a4b1-d7bd21c7029d,91,Christie MacGaughey,ea3777fe-ab28-4d40-a34e-4c163b9bb88e
64fe3b13-99f5-45d5-9fa7-1cc8b8a068a2,7,Dillon Truin,92702ce4-4660-4744-8bd1-7453ffde827c
34a82524-6f21-45b5-86b8-16dd4e64feed,57,Christoper Senechault,2c3d042a-d00d-4ecc-85f3-a1ab71ef1533
f65f5c3a-d57a-4ff1-a9e3-fac523c4ee21,34,Molly Sotheby,e8d22026-e640-4981-969d-2f9daf0c3a49
5ff65edc-912e-48b4-87df-d533b2063cbe,34,Harlie Beever,8f007254-2966-49b1-a30a-0625549d4438
52588dda-368b-4315-b9de-fe5515a8242d,56,Myrvyn Barends,7482661a-6704-4c0c-ba64-b892d5373c1c
707b85d8-eb03-44bd-8542-fcd62d81ee66,46,Fairleigh Calderbank,fbdcb8b8-5508-4203-81cc-ff856cff7791
ed893bab-c3b0-42b2-b7a6-1f7b80b0277b,19,Dottie Dowbekin,faa6e4df-a026-4823-b7e1-f547120897f2
59ef200c-4ba3-4ab6-b3d2-34265f80262c,16,Wald Fivey,9646a781-01a2-4b7b-a5c1-f1a57a5abe85
43b7c89f-0d4b-49f8-8b14-d9e7312b913d,31,Del Joysey,4142f41b-0ea3-4a47-8687-78980b4b0780
40516817-0fca-439e-af65-875a0c710117,78,Antonius Sadlier,5577ed31-764b-4963-a753-6599e999e9f6
7a3624ab-d8af-4d6a-b51e-6807c73065b3,23,Maryanna Lamartine,cfaec4fe-6114-448d-9238-8883b79ecfa6
66cd33b1-cd11-4892-88e2-75b41b2765f1,69,Cristina McVie,a5044dfe-a7e3-4701-82d0-d8ba94ffe3dc
ef3d5f43-38a7-4ad2-b6d5-7208971d5d64,25,Woodrow Riddich,810e0114-b279-444f-80d1-2020cee890f9
84977c2d-3e80-496d-bd0a-a2b3690984c3,68,Angele Kleinerman,615c3346-6151-4e04-a71d-1a8c891c19fb
a66d3e25-45bb-4a91-b684-9e7ea42949e3,81,Polly Raddin,9c965b65-01d7-4a8a-ae1a-6161f9315c09
75b99a7a-1a1a-4264-86db-9f1083e58734,26,Casey Hallewell,5d426e54-3f1b-418c-8a06-42602e7049d3
86a458e8-afc4-49db-95be-ea0799a9fc84,36,Hebert Knutton,81be4171-72ab-4de9-8567-a50059d0da69
743cb7ac-c59a-48b6-88fc-3d6667cfbfc7,35,Iggy Stubbert,6e747352-4a5e-4001-8952-f9e99835c28a
f4ab5540-c48e-4f9d-b00b-e65ad4722ee3,70,Nichol Burbidge,0881dc20-b66f-4adc-89a1-cb01f7f1710b
bb289abf-9376-471a-87f0-a66d4472008d,27,Filippo Wooderson,c86f96f9-2f7a-422c-97ea-5e51f2145fcc
ef6d533a-72b8-4e27-8880-ddaf07ad58d9,32,Billie Ivanshintsev,46caf661-d0be-4781-9f55-48df0a33286c
a72ae6e6-9557-4b98-8f2b-095c5117a477,91,Rozalie Petrolli,50c3c188-39c4-41a0-8856-e4413e333fba
51b5e188-6dbb-4ada-8c87-9bdd840e1133,31,Sigismundo Dent,fe3b1232-2e80-4068-afd0-5c280c0049c2
27fabfc3-b812-4032-871e-e19c83fb0f93,30,Shawna Daughtery,1a71eb89-da6d-41a3-8865-2a4b33d9e7de
04f554cb-2450-4565-874e-27f5bc1c8bb2,38,Mareah McFadden,62a759e7-3207-4bfd-b1bf-30fa617aa131
c199d236-630d-49f4-8665-44d52fe507dc,27,Templeton McPhelim,e7a98dd2-0d67-469c-9bfb-55394b1bec47
f29526cf-f75a-4082-b678-95b0083bd2cb,27,Riley Bartholomaus,2923b483-6bad-48e6-8d55-2d5ed6fd1109
f13a012e-9951-4f8c-9301-1a57f8451405,65,Muffin Tregent,014d0497-59b4-4904-b5eb-a743bd688c5a
5f40596c-1624-4904-9744-c9e1496f64db,33,Shaun Eakeley,50e6b5fb-3d5c-432f-85f9-dc1c5ae0981e
af6e0dec-5fa2-4ef8-b595-a675921a61c8,29,Fergus Harhoff,b5db72f2-6c80-489a-8e0a-205e6b654030
8fa5fc6d-ccae-47e0-b584-b9226ccbf7b3,15,Shawn MacCafferky,5f918607-cf0e-4e49-8bef-029d13701053
191701c5-e669-4fd0-bb11-4ab6b4fef75b,33,Paula Roobottom,f9fdab94-57db-4189-99e5-f041d2a4898a
f9b14340-0b2a-4618-8f1e-8b55690f7ae0,54,Adela Delatour,7c7986c3-83b9-4e38-a795-6470d381b06b
e03702a7-34df-47b5-b536-e8104ec322d7,43,Ario Hamil,1121e771-f159-48b0-b9fe-0cb5b0becfba
9c48f490-3a40-47e6-870b-c91c70348019,26,Buck Hundy,0b0dd0d2-c83f-475b-8616-8d0ce563ea48
30de0918-7ddc-4f27-9c20-eeca2fa0f7ac,50,Brandi Bendan,f6c17091-c396-41df-877c-22e85b113c52
3692d3dd-e616-4cf0-a62a-81605c8500b5,52,Omero Blackesland,733fe8a9-5656-45ce-bf47-04dfd76de81d
dcac0096-8191-419d-9001-37b314a764ba,85,Jorie Dagleas,b1fe1dca-4652-409b-8436-e9fce78826f6
90605bfc-d225-48f3-95a2-69e58dd9cec7,56,Norbie Worthington,25c54191-37d1-462b-9e50-7b5d2716788b
c5509cee-b0b0-49fc-b36a-4c9bb2165187,47,Jenifer Riccelli,d1034802-543b-4538-87c5-c4dd1d902410
0a67d4d6-50c4-47b2-8e45-76fadae604ed,29,Alisha Arbor,b64f4bde-a15a-4b03-a45e-88211525ba91
9a7e57f4-9aec-42df-beda-00110c0eb607,4,Maurie Disbrey,331066d9-cecb-4071-89a8-971703051874
c3890f65-e88f-4fe4-b123-163f4991f621,53,Natassia McVeagh,1a2f4bf8-b9dc-4eeb-a0dd-fe24c6d4df2a
819f7933-aedf-4f09-b3df-1eb2940664fd,57,Leigh Buffey,3db4db14-3b6a-4683-a6c5-52ee76e245fe
86171927-ea5d-4608-b74d-15949b7740b4,97,Avrom Leaburn,f771912c-76de-4a11-8e6d-6ddc7f90cb61
7b76d6c3-2093-4ad5-983b-cf3e41856708,25,Glenine Binny,390f984e-2d70-4e46-b033-379f903a2c9a
117e01d9-29cf-435c-bbfb-589f7ffa06e9,40,Mavis Calver,af1aa21e-ccd5-4b86-82d6-6d5eb4fd1216
598548d8-79f2-4275-9e79-6ed13822b77a,15,Aurel Daughtry,900c2a38-6f4a-4596-b5fe-9bfa51609298
d235db53-8807-4771-91d3-4ec3cf7991f8,96,Joceline Beecroft,51ed8232-4b82-49a1-a85d-72f44e4dbd2b
4151f25e-acf6-4ecd-bd36-e692922b9bea,93,Moshe Lishmund,40aa5d31-6086-4bd6-9003-a2076f577d54
8ac1942c-6224-4d2c-9d52-e449a21b71a4,9,Twyla Drinkhall,07e06cf4-ec0b-49dd-b417-df24962e8a3f
e51c363e-efe4-469f-814d-612c21fe30f9,74,Kym Weems,e1463938-8eb6-4726-960c-84d87e9fbf15
caa2071c-82eb-4f58-ad28-2e755bb3c656,48,Denyse Woodier,2eeaa1f6-92d1-4aae-8b9b-71d0528df346
21edacc6-55ae-4449-8431-54bbf40e47a8,25,Juliann Giovannoni,16f66c39-5ea4-4fba-b47d-55b77af09f15
60b83a48-b004-4c01-9fee-034ca109a206,88,Cairistiona Wetton,43f611f7-0088-4235-9d30-4908e13a13d2
bd03d65e-728e-4b7b-8531-9882ecf9b83a,2,Arlen Cotilard,55e7ded3-7c04-4e7c-9843-38ac9cca43e0
ae1492bc-0a0b-4b21-bcad-4eced88ce63e,24,Jackson Goundsy,66d2ee9b-5021-4b43-9334-cc2b4fadc98d
0fa7edba-f09d-49b5-8149-baf5479807b6,82,Averyl Baszniak,9cc20bbe-b496-4c85-b8a6-625745287f78
5fd7966c-52dc-4a1b-8286-e0b0e2eb8930,18,Stern Norrie,dc50d413-ec9f-4659-99ff-6ce2f1f8f26c
40312298-cb3a-46c1-b1e7-90792ad03dc2,8,Aldon Maddinon,ee935d60-58a8-474c-83e8-6590084a4a18
d3e8e235-66ce-4e33-b318-83e6cc7f4c8c,13,Olwen Matthisson,556c6e3a-3c16-467d-941e-7c04d8c1d4bf
038b4ff4-113c-4a08-8712-8b18c4ad79ad,77,Mychal Blowick,781064f3-bdfa-4ec7-92bb-c14a414ddf9f
4df1f21f-4b76-4b86-b4b3-6caaff58651d,65,Althea Sweedy,6bd53a40-03f7-4bca-b501-606e3cc36ba4
2b07441b-8474-4388-9ebf-f84a1e15f98e,2,Fanni Rucklidge,a8dde5ae-3ebf-4023-a0a4-08e2e26f7da9
37d5e537-c78a-4c08-bc8c-0d8ba935dad9,30,Hillery Bonnaire,b1235732-c23d-4a86-ace7-fdac9fa92ce1
29dd3870-b3a4-4383-8348-d2d19ca3ca56,7,Marcellina Witton,ad994853-902b-486f-b706-fa2edc97b9cf
2bebb91e-712d-4ec5-8e18-b0808a75c55e,99,Willdon Giblin,54500eec-9b1c-4002-8894-bb71f91353b9
60543d9f-98e9-4530-aa14-3bdb137c929e,70,Livvyy Brisco,3faaa5a9-9333-428d-a090-7cd1872c5360
363fe564-4831-415f-a9dc-3f791716fdac,4,Jeramie Jeves,0c864f39-9a75-4526-b636-7ea0ffd3958c
b0eb4e45-23f5-477f-9842-e868b85bbccb,55,Mickie Huxstep,ce8566dc-425f-4018-8616-c1ada6f6a4e5
dfe186ca-ca79-4732-ab5b-c26646f6ff2f,34,Gram Haldene,f21e1ecd-9ba8-4295-a8e6-67de575f0aee
10b31c30-48bf-4e6e-bf51-a33d22d067ed,21,Celestia Wellwood,02b78348-c107-4e4a-8ee2-03603c0e0dd7
f202b03a-953f-47fc-b523-bab8aef13629,50,Normie Janoch,4002b58b-fadd-492b-9afc-43089bed7b77
5ccc766f-4e00-4839-b360-f116e7ac2084,59,Jannel Radke,5058bb44-54ea-46b4-9726-62891109a879
a1b080df-7081-41e1-9ee1-62aa4eef79ef,91,Cheslie Gilbard,f8bd45a6-028c-48ec-8dea-6b78675f2e9c
23280b9a-a29e-406d-af6a-86be4c5dbdf4,24,Gibbie Allibon,04bab987-4b8c-455e-ad3c-66892ea79ab3
9ef31274-6810-402a-8344-927f60f448af,88,Delly Sansun,84188c02-0708-4c13-911a-116bbfd64a95
55c77f2e-8419-488c-9b8a-fcbf2910e69a,32,Stormie Hevner,2f9e0ba5-49ad-45c4-b93a-60d1f4257430
1d5582ec-5937-4b8b-a282-e8470e578a70,79,Gunilla Leathwood,3e372976-7672-4337-ab83-aa030fad6ce5
e53c75fd-77a6-4f17-942c-afac82391c59,13,Stacy McFetrich,ac48c0df-2ce4-4bcc-87f7-a859f3a71576
75b592cf-ae74-47cc-934b-cccc03d07ee7,8,Billie Yarranton,206bd952-a31a-4d13-9288-590121f06c35
d4df0731-4713-4b1e-b675-48db2d9639f9,17,Madlen Bandy,9a38b348-a73e-40c4-b5db-95d6e9915ff4
0a34706d-ee92-415c-8b40-6cb8149dda66,62,Lynn Reoch,4f1665ed-45b0-4f80-8667-77da235f2295
84a0acdf-4cb3-4315-9940-2ef3c8cff7ee,97,Benoit Rubinov,a58de1a2-8fd6-4305-b4eb-10788cb28e06
7913fe8d-d7a3-44f0-9c77-6c9b83c8a4be,19,Verile Shurmer,bd0a1df8-2322-40ac-9554-7a754fc055d9
520d3f17-80a2-468f-826c-4e7e841a1520,28,Annemarie Fricker,6a8f0e5e-9418-4a34-a355-23b206b80800
3c17bcf9-8575-433f-9b16-ea6ed8be8f32,64,Lolita Vanyashkin,7e04171a-87c0-4a16-8e56-fd24238a188c
f1d9a359-021a-4246-9f8c-aa75cb8f7ea8,97,Marci Sitch,9d57470e-5e8e-4f73-9fd7-6485cd95add8
7df32035-3c56-4045-a52e-fe7599e527d1,72,Marcelia Little,b16c04af-b0d5-4462-bfe4-08dbe20a50cf
bae977d4-6e24-43b9-b0f1-55a56a3f9ae0,53,Enos Tumilson,594b90c7-3717-4b16-b1ae-7db1613792c4
cca9ccc0-93b0-4a8c-9924-da2e943c3f52,40,Marleen Sherebrooke,745a8e09-e2ef-453f-9de8-d316c904e5c9
50581283-0192-402f-953b-86f30ca11868,36,Natka Jeckells,ae965b98-4302-4cf6-a878-c13e1d32e914
bd169f47-421c-4c93-a6d4-73b5e7466759,95,Daniela Geffinger,4b37eb30-5fc6-401d-a83b-8ccce5318faa
6b159a0b-1979-4d78-9bb9-a25c29374600,27,Corly Cristofaro,b98053ff-0ee8-489e-b195-6aa0c8ba2802
99581494-e9f7-4486-aaeb-2cf263035abc,54,Barry Palek,8970e513-ce10-40cf-b025-cab6c9bd26c9
a5331a0d-2b5b-4c0c-ab74-a9a36675cb58,85,Ringo Kruger,bdfe971d-4239-4d71-b54a-7e017617964c
783133b3-ef8c-4c03-8291-d113a3c3161c,58,Toni Rickards,0491feb0-02b8-44a6-9463-f59cb9ac811b
03f7ffad-ea0b-4777-b88d-daf41453786d,67,Lorrin Loughlan,5d5823f3-3859-44e7-bc04-001a35169aeb
63ddf440-9573-4bb4-9bbd-35c88c79dd64,72,Valenka Nertney,4ecbe444-d69c-444f-8285-535de767f4a7
76b07198-a280-432c-9f88-bfd02849d201,72,Augusta Sedgemond,9574e3d2-055e-461f-8bfb-8e614cb4b519
92646ec0-c9b8-40aa-94b1-4501b50518ce,31,Ira Artingstall,3ca4e406-9676-47c6-8cf0-04b06530145c
ecfab446-b2c2-435b-8f52-7b85a7a1bc94,48,Katharine Duchasteau,2b4912d8-30f2-4918-b0ea-28dbcb91bc33
1bc7831a-a6cf-4931-b6db-48c441c5ff81,59,Lonnie Dummigan,4a2aad48-2250-47ba-9577-0b6d10df90b0
19c3f6bf-a29e-4d05-9012-5f842b7e59eb,72,Bibbye Shickle,d7e66684-017d-4459-b34d-e8df73b40125
f0827c6f-a74c-4784-8ff7-bbc1c1604534,22,Kristien Karlik,43a8924f-a54f-4e90-a3a6-a4fed3cf6fbc
421feddd-7ebb-4ac3-8cbb-ad6615453c65,46,Brant McCumskay,d375c914-e687-47df-a219-8c9485655083
dfd0a45b-ab9c-4d7d-a1b4-f8aab7eec964,40,Merrile Stener,ff0aab3c-9761-4955-b379-cd0e864da037
4eb11a61-044e-4234-8260-08209988914c,86,Tarrance Hutchens,e6e167d6-6af0-495b-aa55-e56f65998b7b
c1ab0c6a-d5a0-4e81-bd03-15a6e114cf73,20,Trescha Siddens,77ca83ec-29f8-4b28-8c2d-4513b82e6598
4f7284c0-13cf-4e54-b001-6eec6f98f3cf,4,Godfry Maylin,d9697680-c129-420c-85e3-08431b235c55
869061a6-06b5-4a75-9544-6d843163f8b2,83,Silvana Ormes,370bc3e1-633e-40be-a4e9-42a05b9fc1e3
8c52574b-81a0-430c-ab9f-8e1156999c53,26,Abbie Spalding,6fab820e-1b9e-4b0c-937e-053ac04414f6
3f0d7a18-de8a-46d8-8c46-7ab915c1779f,59,Dredi Boni,920f4519-3106-49ad-82e1-3f6d8c5709b9
91d371d5-8e16-4fa0-94c3-78634af3ad9e,40,Bernhard Gadie,bd87d71a-0c55-40e4-9bb0-ce2dc3dd91c3
9db786e4-6ecd-4b81-9655-f1094dc38899,99,Devlin Meace,a8b11a7b-7f83-4b96-bb71-5f535681b791
b44b4733-2449-4871-9fde-98cd954ff7c1,52,Bobbette Calcut,f76e375d-b224-4961-a587-57704c052d4c
e389c102-cb84-4004-883f-a30d76117df0,86,Donny MacArte,3e6e7763-04fc-4c04-a030-569620397bd0
efe2edd6-06f6-4cb0-b253-a60c5ce59a3c,52,Clarisse Saunper,3518375a-5dce-4fa6-ae72-fb938604c62a
70023a4d-74ef-499f-bcff-ec42ef01b8df,22,Alena Towlson,c5e7f115-1016-4b92-8f73-850678cf25a3
d058606f-4064-4764-a172-4fc63a5ba6cf,25,Nert Scarfe,0d114419-7d9b-4f46-a2b5-fd678fdec30c
6bb599ce-e27f-4c18-ac30-d8165bf46429,33,Colman Beadell,8b36dc9d-5a64-4707-a512-17f5bc1fbd03
97d3d5f2-1a55-47e9-bc2d-a73bffb1f051,23,Philly Buyers,3446a790-3556-40d5-a366-f11e0463c5b3
0d3db06c-9681-4a51-87bf-65139b6c370e,60,Gay Kumaar,cc3b441e-c8f2-457a-a2d4-d54bad37e75d
25fe85c2-e21d-4f8e-aaa0-8e7fa190fa90,93,Alina Lendon,4853646b-e440-4c73-8046-e3ed47f57adc
722d36e9-5be3-4ff1-b9fa-f6338bc69046,55,Kendall Brewitt,cd7fb3e3-013c-4827-9ea9-c593d5afa3b0
51fa777f-4c75-4383-b3d8-153e92b40399,97,Isac Mussared,ab9a1b91-1bce-4a35-9a27-73c8853fcf45
8c8c60a7-8b6b-400d-92e8-b1aa32e8650f,48,Nananne Katt,926c6e0b-b4a1-4e1a-abdd-c2f5d0c220e9
1fcd4bc7-46b3-4812-b155-f20e722bc249,83,Bear Neising,ea012767-eb41-4ec7-9e40-0855a9774a16
64a7d70f-6df8-4ba2-923e-59adcfaca21e,46,Aile ffrench Beytagh,5dd11a86-3864-4d4e-899c-6574326cf50b
b4862d78-2af9-492b-9784-6aeec14826ec,18,Rustie Whittlesee,4af294a4-42b4-491e-be81-c592908f269a
21261984-2553-4487-8bd7-8c452a152446,56,Dede Lagen,ff445362-8214-4350-8ce2-865eed81ec56
89666e28-95b5-4a0b-9263-17c5ff0c5b0c,60,Dexter Belfelt,88a7a7d6-69f7-4cb1-bc74-53f282e3bd51
62c51bc9-78fa-470c-9bab-39da5dcdac9f,99,Farlie Camilli,2255abe1-5979-4184-9523-bb053a7e0ba4
6bd35a5e-4d3d-4037-883b-4aec56cad94e,91,Donnajean Severns,b5914969-383f-4b3b-ae95-84aabba3b3f9
a89c365f-9893-425a-9e36-291900959493,60,Paulita Manktelow,f6d590ad-3673-4f30-8259-a0c140dfb7ae
5a400921-0dda-4f18-ab27-28d3be8ef657,34,Werner Jancik,a8ded6a9-ccf6-4e11-9584-c1d42b903d69
576e58b9-71c8-4889-8c80-951fb7cc07cc,54,Mattie Thying,6535938d-60bf-4cdb-9a8b-957e19a31145
4bbb00d7-ebe7-47eb-b251-ed35df3db462,64,Nichol Takos,f5c72c98-ed93-4b06-a707-017fd0bed7d0
36ddc583-f2d0-4324-99e3-7d1a829c3af4,72,Jonathon Tubb,1a403cc9-c9c8-4772-8cdd-dc19b799851a
85c4ff6a-eeb2-43cc-8f55-440055e12425,45,Fallon Margrem,bd1a7005-890b-49cf-b089-3135236eb251
5ba3494f-dadb-40ac-9eb1-8f1cbc2ed76f,41,Josephine Gregori,21a35ea8-7d2e-4562-a229-a80b1b9740b6
521f06eb-42dd-4917-ac5d-293b7c2e6d11,59,Fraser Trematick,a96fb2e7-d548-484f-904f-65bed2f35f5c
ed996c6e-94ae-4a7c-b04d-b9dccbbe3f28,49,Georgie Wickwarth,b77817ec-ea3a-4643-ae94-c233a19b598b
d1919a7e-5dc6-47f0-ade9-85a01c0cf823,36,Violette Klimke,755471c0-c7ce-4044-9b9e-89afa3da1eb1
32cba202-e00e-4a54-a056-dace6c84cb36,3,Eleanora Anthona,e682a1f5-6ab2-4428-835f-8fad7785bc60
7574b78f-91d0-4413-bab7-c7c5e82b3e18,29,Kurt Mapston,6741cd83-6938-4b30-b807-fa1e72ca18ca
b409a65f-0534-4cd0-81d6-480fbddf8f64,87,Lorelei MacPhaden,2e59f70f-9acb-4d47-966c-93f1d88550c1
b77d5a51-dc58-4770-a3ea-3585ac4a27b7,20,Jay Reynalds,1d094518-5fb9-439a-9970-5f2ac41f8bed
99e48e73-729e-4405-8f45-13d4e6b9027e,94,Brett Stoaks,0e0a3633-cd8e-4f84-a65a-1dca2763473e
a3314a17-9d62-428d-91fb-70f9282692b9,97,Leonidas Binnes,759f5863-869b-4f40-9d7d-4f6df9484571
77c10e16-0323-4574-ad43-1398b18a5b3b,5,Otto Dillicate,20e5adf9-8787-4e25-adb8-00e35b234b92
92b23a30-caa6-46d5-9894-5d340026afd9,7,Mattie Woodnutt,80624552-a7d9-4147-a9b5-805677281ec6
a58234e3-1904-493f-99c4-618c8cb6bfb2,67,Jillana Normanvill,0c6d6eec-a7e9-426a-94ea-7dea434f01a7
02e02b33-bc48-45e2-88eb-6ee7abb941a5,100,Pippa Filler,93d9e62f-c978-45f3-9691-0320ae43ef67
53f39f13-ed34-4cea-8222-cf573675cb1e,68,Candie Passe,f754ef81-809c-4f08-a845-3958f46b60af
1b474eb2-8a46-47c4-9980-21fb345a6413,78,Barron Joffe,1f82be74-abe2-4363-b62d-ff1f88cc28d8
5f53f7fc-bc5d-4120-b633-5249dff2ace7,32,Megan MacCartney,60c094ad-ed12-4a94-824c-fb19003febb7
0493519c-c615-431a-b802-a7dfaa8d709a,6,Star Wurz,a6e93d5d-d1c6-4704-8450-8c0ccf23d60d
6d8e78d1-e095-4863-addc-013b892e91a1,35,Kelli Culvey,66896668-71b4-4037-a428-45b38b513937
c4f94791-e832-4775-9b69-dc261231e537,14,Sascha Gerauld,fb7dac1e-c216-4979-acb4-26eb094b4f2e
eb46f379-e1dd-440d-962c-83a2d9953b66,97,Gallagher Cockman,044c6415-28b7-42c7-877b-4657b36cf39f
0ac4a1fa-9b6a-42c7-9ef7-0ece9ad8c88b,70,Alasteir Bloxland,244a18ad-4ebe-4b27-b64b-b72421bad048
1437d816-fb63-4e6a-94c2-8b98cdd65b58,37,Janka Willmot,fe12a12c-eab4-476d-8c14-40856400c4a7
5ea5ce81-688f-45c1-8986-0a59ff93114f,53,Aurlie Cockett,670f81bd-ce60-4002-b59e-fe11e6b6207b
2a64c86a-aab5-46d9-9530-9dde6bf2db09,75,Pollyanna Hulland,32fbea59-e297-4537-90b4-74cbc4bb7199
9867dcf2-e8bf-4f76-8982-3b6b1a2098c5,92,Emyle Lasselle,6ecc0fda-8af9-423b-b861-098302bccd58
e5333998-f71f-46f0-807c-595b6f554d5b,75,Abrahan Mapson,37648c36-e17c-408e-998d-579d86139b0c
af9659aa-8aab-4fa6-b759-1cf4d74d99c7,53,Lina Mirfield,36ac44c5-a05e-4288-8198-13d1a4670fa6
a29f7f72-7285-49d7-a926-61df65513d0b,94,Auberon Netti,6708731f-c5b7-4dff-8117-df3c70bff080
4876b38d-173c-4352-b9dd-c2d4c38a23c2,56,Lisette Sanderson,3b0041c2-796f-444f-b7ee-8a7c5d2b5e19
cb54092e-3ada-4b5b-a4be-98f6121e5c56,34,Carolann Gorling,a4c22783-819b-4d11-b805-7cfbd44ef17b
166507e2-155c-429e-afe4-47a233cb2bb8,51,Gherardo Laydel,3a172b3d-edfa-465c-9ce0-22c958dd10b2
55970382-9928-45d0-acb2-9f035b576d35,43,Engelbert Buesnel,445a5562-fe86-4261-9dee-22ee5f7547d9
7742f908-d9c9-479c-9f5f-d1ad83418bc3,76,Bone Detoile,6a4d58f7-e0ee-4bbb-bf2a-786e824a3ea8
1a0abd2c-0234-4012-aa66-38c849e268f7,37,Bibby Scourge,3f91ff07-bc3f-4490-b953-3a1c1af283bc
17c1bd6a-68bc-42ce-bd0e-8f0a5138960d,32,Claribel Prydie,3772122e-c204-45e7-98be-4c0e1297b5de
b6c024e4-6ebc-465a-96af-6a31c52e4da0,99,Hill Hinckesman,338c3cb4-997b-4c00-9cf8-7be25c872436
b9bf839b-c373-4766-b309-6e4dbdd69b92,69,Toiboid Lowcock,20cb45e7-03aa-4344-b88f-449e61dbd616
d0e7260c-fbaf-4bf0-8d96-546724a0d8e4,33,Ludovico Tomini,2c0ecfe1-4778-4645-b5e5-4fef5ea0c6fc
a98e789f-917f-4312-a67a-60f7ebe42a51,57,Philip Pattingson,0f331ef6-ac39-4dac-8b7e-bbb9d3f77fc2
a05a622b-5f53-40c1-a4b9-1111c719a68c,9,Lindy Paal,51e93e53-276f-4c44-b22e-6b1adc9c2122
2cdbd69c-5008-4546-bf93-caf1cff0c55c,35,Darcee Gadsden,8e584c61-1a1b-456a-a921-14fb3869930c
72e7efbf-c300-4e60-af4d-c3c485e5f631,70,Jacki Belliss,79a76c94-b9a3-4318-bebb-0d2f12084816
7023ed28-6cd4-4fe3-8215-d6c57ead60dc,69,Carlye Preskett,a44c6979-880c-4363-8f63-51319dcf7f22
c7e76349-a46d-4511-96a2-f0e3fd34102c,1,Dan Chatters,adf8e441-03c4-484e-9282-8a6f924757d4
38ed8fef-4ebb-4743-93d6-e6ae4dfcb749,14,Lettie Burbage,79fc93d9-cd1b-402e-8f15-4fd2ba98cdb4
2ef09349-2c99-4a6d-bdf1-611988e609f7,77,Mohandis Goding,0594f390-3003-4fc0-8cf0-8aaed5d8e378
15927df7-011d-402a-aae4-27da79d631d2,100,Lorrie Elion,57dd75a2-14cb-4f3c-93e6-1b7453407d42
fd638e58-f46c-49e9-a554-ca0b199b6abc,48,Tremaine Syddon,be8f8cb3-592a-484d-a11b-2b1acaafcb7d
b1c44675-7a9a-41f9-966b-085edc2b4d5c,63,Reggie Highton,8ae8b380-6c3d-4ab6-99ac-70d2890c7a73
7de8f652-6fb8-4ae6-b33c-19dae9b2c102,68,Karon Templman,770fe467-368f-4980-bf21-0d894acf2761
bb28bc1b-28fe-4601-b94e-24a09a6b98be,14,Ronald Crepel,64ff69db-6d88-47e0-9569-1f0aa7149d9b
435cd160-da65-4222-8589-581ae8a037a7,96,Colet Kermott,a16d00cb-8a11-4a05-ad85-eb5da727a29f
fe9b2b0c-14a1-4e9b-a5dc-32a903b2d208,82,Ashlin Haxby,f912f928-0f84-4bff-a52c-b9e0f029138b
7f5c69c9-ec1a-4b67-9748-72104cb29cd5,74,Reine Emilien,7988292b-d726-46f8-8958-d819e974acb4
2ca46a9e-fe82-41fc-8396-480044eb5304,88,Genvieve Nelthorp,f7c9ae5f-5022-439e-8f3f-66f596411804
64ec2fa9-daeb-4a68-b2e2-315ca06f2c20,60,Holt Pettingill,08601029-80b9-4169-8ae3-c7cc46a4c4ad
a8a4ca20-bcc0-4037-9629-e7ccbc41f114,83,Delbert Muzzini,fda4593e-fb96-4785-9b4c-ff8a60375f50
3ef516e6-819c-4431-b6cb-2d74e1eaf10f,71,Mitchael Oslar,dc91c005-7f75-4e57-8ff9-df8730a3ac4e
f5342326-be8a-4078-af1b-e6d1ddf4d592,93,Britt Bingell,7ef26188-20f7-4710-9334-fa07c5934280
946fb244-5d6c-462a-b0b8-33de122baa25,57,Deeann Speaks,24e9d5e3-4a70-498d-980e-79ce7c9aac2e
72f6bc2d-0a01-471c-9a85-7b439e5de945,46,Elicia Kitson,59159c27-c4d6-4532-bc40-05363571b7f1
538ac04c-1164-4645-9623-d8efb4804ce8,41,Granville Gunnell,7352b0c2-7ff8-4cd6-8203-c3bac2b0886f
8a0aadf1-0a7b-4520-8f9f-637415a29961,7,Spike Luquet,e13bed04-7b50-4e77-811a-8409e14c5581
5b79648e-db13-4cca-9a65-147ab5ee6cff,72,Dolli Paddefield,33843324-0033-41fc-a32f-2b455386ebc8
0f37c789-e70f-4cd0-8362-477daeb5d5ad,39,Albertine Alderwick,8257fa2d-d094-46a3-a896-749cceef53f1
95613c28-0584-401c-bbf5-c1595737ce2d,82,Russ Butcher,a2319312-8fdb-4a20-85a1-6708429274c0
1276676d-d7af-4348-a7c5-3dfbf559ac36,33,Link Ferrarello,32cfa605-a38d-47e9-b756-6d3df6d845fa
5e64ada6-063e-4ca0-b4a8-44216f4c83ec,97,Christoffer Olver,9681a07b-cf7d-4372-ad4b-da994ad9a737
2ca28530-9ba4-4255-8d9a-0ecbb4d20c4d,56,Xever Tiery,e003a8e5-8761-4af6-9fb3-9529d72f78ca
540c7cd6-ce3a-4587-ac9f-81e9d8b7e845,67,Danna Winyard,1463ee08-94f7-4d07-a705-fa7a26f8cb1e
c3d1722c-5047-4b22-8543-3caf5f99d545,8,Magdalena Alyokhin,d89ee649-53b3-47d6-9324-14b4d25ff642
108b69d4-bfd9-4ce4-89c2-8879ab0c004f,63,Catherin Pilmoor,6222923b-31aa-4724-b9d3-e5046bcf1368
f5bbf520-5aad-41ca-8e61-2c6929e22ade,73,Berne Tumber,73d2d548-b16b-4a55-8c3b-8f1c1a7ae12f
5748f750-362b-42b4-8aca-924911b150cf,97,Lucho Dobney,5422327b-f8fe-447e-8450-cc926569d05d
ce031d4f-17cc-4016-9f41-1ba876b7caed,79,Clement Marley,442f9866-59ba-4c31-b8e9-b6a5726e8363
2406a5ff-501f-4821-b9f8-3a9b59b8b525,9,Chantalle Bohlsen,2f5a60aa-2c02-4ac0-87ec-b020039a7bf8
f3cb75d3-b00f-4e19-a9e0-68958e06f428,15,Alister Gillebride,efee9b49-f950-4baa-9a46-15d74013ce67
b21554b3-f28c-43fc-9e4e-1260da661ce8,10,Ellene Pallas,eebe9e05-576e-48d8-9b32-a2a93368795b
3c6c76af-8110-4e0a-be46-7f38b706fa45,70,Pascal Rennard,8e647707-0a2c-4d95-be1f-f4c4bd93fca7
675e8d93-78db-4896-ae75-95ec23dfd34b,63,Abelard Leon,91a43514-ab10-41b6-b4bc-5935a3087f19
9368aa77-3713-440b-b77d-13c56c0fd6ff,76,Noe Cason,a9d07198-c2f6-4a28-8d80-85aa931846a9
18dff268-ca71-4887-a1cc-4ab759e46ed0,48,Chaim Jimpson,7457b738-89ed-4f14-9ac6-8f1510257ce3
4485e50c-4913-4ef5-adc1-d0f31470f47f,26,Mordecai Cantero,74c021db-bc9c-4957-885d-e813af354216
9c12edcf-569c-4141-8dd8-29f2cf6385b8,2,Meier Schreurs,7be88ecf-e282-4e72-8f05-3081272f79c3
ef28e7e1-8efd-46b4-b27d-3971f84eb799,89,Cairistiona Hundell,6b2c9aed-2be7-482e-9d17-f678b3de97a2
cdf6c4a0-f7b2-4d36-bf86-ebf3d415cf94,14,Shea De Hooge,30a90fe6-f6fd-4d30-af14-cabc8d9386c5
b8caf72f-dd46-4382-a2f0-eb5efa734d13,92,Allis Schaumaker,9d54abd1-a1d5-4160-b1fa-366e49123486
c7266531-a111-4795-8ff6-eeea8049c276,39,Maitilde Petranek,da4e51d4-f75a-4a87-b878-a0b9f57327f8
14a42014-6018-49fa-897e-23ddbce5279c,8,Crawford Pitcher,42790dda-925a-48c8-96fa-ce649fc32446
14242ebe-0584-4103-a28c-151511ac5da1,68,Melisent Petegre,a587ade1-d34f-40bc-b422-3e93deabf77c
02087fce-31cb-4a8a-80c8-2defc066c4ce,2,Brendis Ducarel,b3a322f2-9882-4386-bbff-54436606601f
55e4a96f-cc8e-4bf2-8cb0-b8f751e10f3b,61,Tallou Lamort,75644d9c-b8e0-475e-9255-ec28a1309b2d
af503924-1527-4648-a53e-520ca107009e,65,Gavan Carde,32e60a8b-64d6-4a06-8efe-55db1add440f
376af3ee-04fd-4f10-ae06-1b0f31eb4de1,83,Suellen Gilliam,f2cf80ad-6a84-41f5-a49b-a93e5026c167
67134770-13e8-48a3-b15f-3bbf848e350b,26,Boyce Fendley,b612d9e1-5eb7-4071-b4bb-184aa8288b5d
c9f84a47-4f59-4e60-a8cd-bd1332aea2c3,17,Oren Shepperd,7abdb275-2e49-4e3f-9bc1-ef7c8d666314
b433014b-39a1-4d33-9152-e484fe27ea43,26,Lazar Cream,2ab2bac0-ffdb-4a27-b34a-7258d2e193e3
f93b7d54-4388-47ab-b35a-93a3d7542de3,42,Aigneis Pozzi,219f3f94-478b-4323-a8d6-4ee04c486bfe
5a5c4596-7a69-4cff-b795-723046b0f98a,40,Ardyth Isabell,6b6cc70f-0f23-421c-b367-c3bb43aea540
1acc637e-8b59-401f-be93-86c918436c61,50,Troy Lillgard,23e9540f-8d60-45f5-a142-aeb23cd363de
046836ab-b623-4484-b48b-885f2b753eaa,56,Karita Alloisi,4af016dd-9814-4491-aac4-cf563bcbbacd
a5ff2c6d-6385-443d-84e7-95c9cd51769b,47,Adora Watsam,5a796f38-25e6-450b-9688-2b6ee0a91191
adad86a7-5c04-472a-861d-946c91b24fc4,88,Bathsheba Utridge,53248793-33e6-4056-abd5-2031072c2685
59a99e8d-3b2f-456d-8765-944999ae5884,77,Elli Doyley,6e2c53f3-66c5-461d-ab03-3d8cbcda2689
674d9608-80f5-4e3c-ae0e-c9264fe6435d,57,Kristofor Bonnefin,bbdeb4ca-fcdc-4779-853e-9bb8cc82688d
4c9cc878-9a53-4277-bdcd-35928d9ea313,26,Mirella Pennigar,2355f091-584e-4693-88ce-5792771ae999
19e1d883-fd4a-41d2-91d6-afee0e08a130,63,Trude Zanioletti,a03fda8d-bef5-48ae-819e-2c249ef903a7
289edb94-772e-4a60-8eca-cfb11ac4b159,48,Waverley Culpan,ec805d3a-cf37-4824-8769-99395b0deac5
a5e922dd-51c7-4799-9133-78f568008ce3,67,Bertrand Ronaghan,88ce6974-8f61-453c-be9f-29a771fc084d
fde1151c-54c4-44f1-bd94-a616259657ae,24,Torey Dabel,8a875e0c-4b56-4f72-9e33-beaaa89cf6b3
a52f4768-a93b-4f5d-930d-1059897cc42d,32,Maddy Grewes,bb3908de-05a4-4c67-851c-c08dcd3cb889
5a725633-de4e-4547-9cc0-bd8dd306b9f8,33,Benoite Kelso,fda6c79e-f727-430f-9a5c-c416c17f17f3
e5645bb4-33e1-43ce-a023-fb274911a997,12,Jase McFayden,7f74a19f-189e-4fee-b260-ec5a26a3e07b
34f86ba2-3506-45de-9062-a135bf19544a,41,Wanda Kopje,e1c82fe5-2435-4db3-bb82-af9556c64d9b
f2d46751-457b-4194-bea4-d6f2d28a018b,73,Delilah Jochen,8eaadafa-57c2-46fd-9161-ad732ad04229
5b7d8fa5-7c33-4e84-b69a-faac17eb9766,43,Benyamin Cloney,a5a67eea-bdf1-478d-9c03-0e0681bb9eda
ee1bcf1e-90bf-4350-b454-8ac58ee6b785,73,Sydelle Hairs,21a3fc66-e415-4d19-bc02-3a8a2aa966bc
215d0c4b-e810-48e5-ac4d-787d705643fe,97,Linet Karp,cdf5308f-2bdc-4092-8d97-552a36cc9bce
5efb3fe5-f772-4c20-b05c-40d0ab570475,73,Jerrie Greenless,dde4bdec-63e6-490a-9715-440813d4c892
9340702b-5583-42ec-b3ec-13b7324aff76,84,Elvera Munsey,c1e76cde-3c79-40e0-8adf-3ee7fc08d11b
f35fd403-5dbc-40d4-92b4-ed2fcf23a330,39,West Lilleman,a5ea5d86-782f-4469-9bdb-2510973bcda7
ac271f1d-97ad-414a-b171-49af88a74210,1,Pierson Cestard,4d15ffe8-2ffc-492a-8ac4-ca54f74b8fe4
2c695904-3489-421c-9481-416128e26a68,13,Lucio Lohan,6daa751c-da76-46db-a986-016c7f00afea
855930e1-cf98-4888-8f22-22ad978ef2ab,16,Kanya Linskill,766aac03-a26a-4b15-b5fe-54a19c660f95
8b2e557d-3e0c-4512-abed-17831a932a54,90,Angie Ege,4139f83b-6da8-425d-9a00-ff6c96890da3
791a9202-6807-4cb9-80cb-e32ca97ab3a0,51,Valerye Robart,8e723934-f04e-4eed-9fd0-ac9ceff5ac42
61056502-f51b-47a9-aaa2-1847c42aa47b,30,Regan McColley,e762efc7-3326-4093-a3e0-a457150a0510
a7499996-baa9-447c-a06a-e6802d806f48,79,Terry Herion,9b08d8e1-31ad-40fc-abc0-4c044468ce1f
f13a8764-7874-4301-abcf-5219f3f4befc,58,Jodi Cordon,f70db6aa-dcd6-48e7-bd60-cd502f646c90
8f2649f2-66ab-45d0-95ff-e85f2e39ae99,100,Kati Arnatt,7d743734-347b-4c7a-ac58-503a6f6fb392
b11c9c24-25d4-43aa-8ef9-8d6b13683340,63,Avis Aleshkov,b3753305-da8f-42d6-b801-6b2c29d7b741
afc96b25-ec76-448d-9873-ee066e039598,53,Carla Poker,102daffc-ec84-4cc9-a2da-c418c3a0b79a
85ce812f-db08-40d6-ae92-52a022c076dd,86,Eleanore Havenhand,01cfdc73-85ae-4d7f-97fd-056648630c01
f88189fa-e225-4eeb-9f19-f11d0706b526,15,Donnie Petraitis,1588c8ba-3410-4a5c-be52-d3ba1d17dec1
43c3066e-44ed-430b-824e-59a2746efe9b,19,Menard Moneti,c6e09869-b495-4b9c-8c51-e9c4c30c1741
168cd2bb-fd61-451f-8d90-dd2169259507,15,Nat Goodoune,3eada623-240e-412b-bf54-73c3ca5df221
cd147918-7352-473c-b7e1-a084c5d04753,41,Melinde Hindmore,a4c749ec-fa64-41d4-a770-723a5a03cd85
e34af2fb-25e9-4de9-9ad2-a831d581f76f,22,Hobey Piken,2412a659-350b-484d-a3b7-9443f0f192cb
c9e836d7-5e54-4411-b569-bfc1787fe8e7,63,Atlante Arnholz,dd7090a7-79e3-41c0-97e9-67ebf2164ab3
79acdf05-7f4c-4a5e-ba1d-9e190adc3d16,7,Ozzie Wickersley,83c157c7-9b94-47de-aee0-abfd07320e41
26e1c373-c4fa-438e-b4a3-5011ffacd2bd,49,Rivi Cradduck,5c98b99c-2c53-4b63-a80b-1bc98301037d
7ed8980d-4275-4a3c-9b46-620ffd681473,89,Krissy Bassett,18d63c04-75d0-49f7-9c1c-85f4cfd84352
4af3da63-81bb-4f6b-9f32-c2ac804d4148,63,Luca Cracie,7b53ab65-fb34-422c-af7f-941fa9dda457
bc779a5c-19af-43ed-ad73-d28e0234b2c2,91,Luciano Bloomfield,5453b1be-4f05-40e9-8554-0656fa4467ca
10fd4adc-e0c8-46cb-a1b7-9425515cff60,34,Levin Stanton,3c7d4669-3502-4e28-a8d8-d82b3ccf99ae
92697e35-3ebe-4ec1-995c-a9098a74c89a,12,Edeline Broxis,d921844c-74fe-4aa9-9306-8222dcd2632c
a97655a5-a7b8-4c9a-9bbd-6028eb7fb17a,55,Britt Awde,3dba3cc9-10c1-44bd-a561-f84fc3fa61ab
1c461f2f-c780-4782-8d93-0de9012153ea,40,Freeland Medcalf,f4d1f7c7-a94f-4057-9e12-5d64316f4e3d
1535ed15-93e8-4759-a3c8-0f3523636aab,97,Mireielle Sambiedge,f7ee751c-c054-46e8-8e9f-bffe7867ef62
2146b6a6-c1a4-4c8c-be27-29f2b47264e6,87,Hedwig Orrey,17246936-64cd-4795-ac37-e19406a20ee9
ad8ba62e-cfd3-463f-a5e5-e1f0feb90f10,93,Leshia Ivanenko,118cc708-e108-4273-a217-b04bd831a19e
1aa27900-8e12-467e-ac6e-7be5c4374f29,33,Aretha Yea,c2cd6539-eb04-45b2-9f60-8cedaed46eef
3d8e61b2-28b4-4567-8a67-30e6b4d95cc3,18,Dana Noakes,6039fda6-6f04-40d6-8ad5-daf1f23fc391
ed668596-c23c-43eb-ade4-a6d738f23106,56,Corrianne Gerding,2c5525b1-68d2-4932-a3c8-12372010b6b7
37daa513-421e-465e-91e6-59d5ec33b2b3,24,Tiebold Hinsch,212fd7a6-6d27-44f7-b162-25fca1c21b2f
d0dd02c7-92e6-49e8-b25a-06c171c42ee7,12,Erik Sissland,bf171674-5306-4e3d-9ce5-3f441046861d
dd0a8df0-5a9c-4a41-940e-0a0855294145,57,Elissa Janecki,588c49a5-f288-4f01-9650-18df8d621d04
bdf29fe7-6d56-4046-aa01-08c1c3607f98,3,Rustie Boyde,94a9a5ab-a449-47c9-95b7-6412117ea277
e5670aef-b9fe-4e56-950e-bc6682f85405,85,Beatriz Fullylove,33e859e6-c799-45f0-981b-4d67c8d97b7e
4dd47808-d63c-4fdd-8433-1719228f206e,34,Leeland Ferreiro,705916c2-b5f4-47fb-916b-84e00cc1b8fb
29503aa1-e493-44e7-a910-b253e62cbce3,39,Georgianna Fry,78aecbed-bf62-4ec6-b88f-7d52c4bd0d95
27e37bd0-2c03-4256-8dee-73c7fe3a26da,18,Alberta O'Fogarty,93d14b11-d9ed-4054-a4c2-61bd1978a70a
e1b5b6ba-0b77-4223-bc6c-7adab6f20c0e,88,Celisse Strut,c2c980ec-ec65-43f3-acac-0ef3c8e27a5d
16d9de1c-d4ea-4a0d-8123-07c46a6fa45c,9,Cobb Theze,cfb49c78-ad2a-4e4d-89e4-2017effa6e50
963cb6ef-e868-47be-afc3-da830189c327,58,Alethea Eisikowitch,270fedb3-68d4-43a0-9f6a-fe794753fc10
e09ace3d-2421-49ff-8d09-6915bde9b5e7,12,Alexandros Kershaw,502d736c-e705-4b26-8f5d-a24ef62b3b62
30207e93-b7e9-4b99-97e1-2a0c6bfaf0e6,43,Lemuel Bruyns,2239ba4d-1e8e-40be-88e9-c28afcf5cf71
705731f2-3756-44cb-b026-c7172e088ebf,88,Sibby Sharrock,f433ea9a-4d14-4c19-b321-5ca3b4ee52d5
42e10385-6d8f-4b04-a273-502a6435ec6c,75,Annalee Lush,e411ae23-2cc2-44db-af29-451753b62434
dfa12a5e-efb4-484d-9fc3-581d2f61d8c4,3,Emmie Arrell,d9318d6c-d6fa-400e-9b9e-c757bf1cf676
6498594f-0406-4534-8b43-f1a1964ad8db,2,Ben Pelzer,d7deb9e3-0314-4ff6-8056-9fabba6846aa
8d74bd09-36b9-46ec-b6b8-b561cb754185,41,Liva Cuckson,ef78fece-6235-4e8b-81c1-8322cb573eaf
05e62054-7883-404d-9a7c-930a6699cafe,9,Timothee Austick,69694038-c160-4855-8d27-1c7b50b00dde
521f164e-4711-47d1-abc2-b1120c67ab65,52,Cherilyn Seton,7f1be9b0-5d11-48a1-a37a-ff94a0745717
aedb0c37-fa46-4a03-b6ad-c5d397230917,11,Florette Esplin,5351732a-6797-49c4-887d-2c78014bd8e4
d6c2dee6-7174-41af-94ca-b3e9def98ab0,72,Pebrook Freeberne,87c4dba2-1c72-4098-b1fa-67d3b103b848
a9abbb4d-e46f-4250-8c98-b3097333952b,56,Quinn Fish,f0ca7816-9ae5-461d-9b9b-e79da31082a9
dd0473d4-ff68-4f0b-ae58-7fd1391f0def,38,Randie Bartholomieu,b3ebe847-3eb3-4dc6-a3fd-fcc4531934d9
b2802b9d-063b-429d-807f-94795197c0b2,92,Rozelle Ivanishin,f61ac490-7bf9-4c4f-ac3f-beca44c37496
d5c76cdf-53eb-4b29-b289-bea13d98230f,87,Freeman Brazier,652fd4b1-2ed1-41c3-8ce5-fc45738fdaaa
6fa0cab9-fc42-4bd9-b891-60475a1ab632,57,Martina Braunes,6fa72767-3796-4e2e-895f-69013170e5d3
5872b976-8bec-4c53-8c54-c207168318ba,92,Neysa Scamadin,ba8e6245-88b9-499b-85c7-386c91400776
c548c5ff-e04c-40b6-9069-ab024569120a,10,Ferrell Adame,ce98de43-fc9f-47f4-ae73-523d970bd4ad
3a4efd69-521b-467a-98bc-dfd2d2be8e09,92,Ardath Duckett,5fa63e9b-ecdb-4aac-8fcf-4fce2321e14d
f298e6c7-47b9-4d23-a3a3-5f6c595e4627,60,Faye Murrells,3119a978-a928-477d-b9af-95997648a570
905bc7df-2fbb-4467-a215-42caf974f852,94,Minnie Doulden,9bf0f72b-dfb7-4c44-950d-2ccb424cd72e
f0740792-73c7-4a8a-b30b-0fd6d9f94721,80,Guillaume Widdecombe,ff38b8db-c825-4771-aaeb-690e7503684c
c94e71cf-fd71-4d0a-a8d2-436ca087117e,40,Paige Hatterslay,37f54704-dec3-4cbf-904d-e2ed15d257fc
cf4f05f6-ab5d-45a2-9b7f-3373557f4c49,17,Christabella Kearford,816a6484-49b9-4fd1-aa34-ff137d190996
dd2126a2-bf9d-436b-910d-f3f7bb3c1895,13,Sherline Jackes,04f942e3-04d3-42ec-8c47-81d9ed86c907
ce908bc6-433d-4f0c-93c9-6564b6c53507,59,Car Kedge,2d9562c4-33fc-4494-88c9-b051255e6b21
de1c896b-2d95-470e-b61c-64dbac95ca48,89,Solly McLorinan,783856a8-5ddc-468c-a3a9-0f5b2c74ec60
acb2e933-7cb4-49c0-9f48-21376428316c,41,Percy Cornels,836e1644-2662-4eb0-a1fe-86bca9c8a145
b2a35e68-46af-4e68-a6ef-e113bfc259be,97,Jenna Bamborough,3e140af2-3bbc-4d04-b1c6-08fd0fd37cb9
abb83a81-00e0-4e2e-8496-6bdda96dedae,96,Kerr Cribbins,7993f99f-50aa-4fb8-92de-8f2dd1a353cd
a7ab983c-26df-49d6-a8ae-2b23eb17e7d9,12,Ainsley Yushkin,4301c5be-f9c3-456d-97d0-09cc20c96904
7a94c783-4759-4c24-8a55-14f105e2f29b,56,Allison Livezley,6aaa455e-c40a-40f4-9b5d-c87cc57336ea
822444b6-34f3-4a0c-9559-d3b68b141ca9,31,Doy Cullin,2ce1cbd7-cade-4da9-a194-43e976ed1709
20c7c786-5862-41bf-974e-981917512ac7,46,Emory Emmatt,bffc70cc-1f0e-460c-9251-7255936177a8
316d1d51-c780-402c-9bef-4e03b1ba96f4,58,Pattie Kordes,afdc5a40-102a-4100-b936-410e4b029c9a
4e6cdfe5-74ab-4f46-84e8-89ca5ac1234e,59,Dorie Burleigh,44345762-19bb-41dd-8ec8-891bbd745c4c
9093b57c-6c35-4064-bcf1-d1a807a11054,51,Nicolai Nears,bfa16836-114e-4a17-a2d8-853c5672ff42
64082232-d9e3-416f-95e7-6b94c16a2a53,67,Alis Cordrey,f53b35c3-3b39-47b6-b8e5-d6d6ac15005b
406b710e-05e5-4c95-b801-9d9ed0ec3531,49,Mendie Iorizzi,740c4e0b-d152-4305-bc17-c47dc695f5ad
c1137f8e-0e81-4b8f-aaaf-52323b5048c1,70,Norby Cripin,2a862e6d-0e1f-4e67-a309-6d9de13f8985
f0f49dfc-cb73-4b3f-a558-58c4f4774798,1,Cindee Rothon,98c04b33-235a-4d40-8e59-ee3f1538f49a
35a1526f-16ec-40a0-9b58-7d27787e557c,6,Peyton Casaroli,76e6e66c-3ae3-4250-a548-7dbc7da53521
07d519e6-2a4d-44d4-93f7-92f4acdb28c0,69,Gabie Drewes,edd2d654-5c6c-4d96-b3d7-827e65a26c6d
46c31e72-5dc5-4098-903e-4f341cb5f596,33,Fredra Obeney,256bdc07-b222-4048-8be3-6a3163959806
cd221a8a-845c-44e4-919d-de6d826f983b,62,Gusty Dalrymple,8418ed26-b3be-423b-8f55-aa18780451f4
c2f73412-b90b-430a-859e-2693653df903,47,Malissa de Clerk,44f39da6-17df-4895-86b7-28b48f20aba7
bf2e2292-7caa-4734-9dce-e14a9dbc6962,62,Bree Tinman,c5604c06-309f-4ae3-9131-52512cb4525e
53f7e41d-da4d-4f71-9d99-0b0f1017234f,42,Clarke Diddams,a69e3d72-9d7c-4fd0-82a3-7ce4a6e58e94
584a7476-205e-433e-86f2-4f3d38109ba9,75,Cece Domnin,c0cd93b3-9460-4dfe-a84b-b69dad62d51d
6a0be9d4-e6d4-4ad1-9922-445b1872d8fc,35,Laurens Luno,6b3402cc-8610-41ed-afae-c077884454d9
0722aaa4-86ed-4d80-a198-1ce78c29f94d,97,Cecilia Kaygill,94f34959-ff0d-46d2-b59c-0fc54505b704
5a66e9bc-2bcf-406f-9cdc-b1038f30124c,91,Bowie Rolfo,5e2fe8c9-d003-4b71-b4de-ad3a505fa025
7dbf38a7-a826-4f84-be46-b61a0bf67660,64,Mylo Ashbey,9b6bb565-42df-4c2f-9818-4ae544ec4c50
f69fd45b-cb87-44a6-910d-bf1bd2409754,19,Salomone Olivia,112b388c-5aff-4b8e-9e21-9a11f6f22b46
34849433-19fc-41fd-9f4b-1ff8210d301a,26,Chuck Memmory,45b05b53-e7f2-4b91-aae8-847a3b194b19
6e02738f-ac4b-469d-8633-9a66a059eebd,58,Germain Yelyashev,150840ce-0f3a-469a-961d-0c171d5d4304
11c39730-033c-45e7-a1dd-81308f28a588,2,Pepito Di Antonio,d52eec55-5e17-4323-aedd-24c42aed2506
ab2ac9c4-5fca-46f9-a15a-26146677df15,4,Aharon Simson,55be2a43-1e9e-4d16-8a37-64c7830c29ff
2683fe53-7f92-48d5-9755-4bd863bb4c41,36,Hallie Dundendale,1037c15f-a906-44d3-ae72-5a661438f301
53b64c03-6a50-4f43-a600-9675b08419e4,96,Carmita Winckworth,ecef9453-cd39-4535-85fb-aca16a2c9b32
8a8ff8bd-4b28-4b1c-a114-386d624cd2b0,30,Luis Eastment,30050ad4-b568-4926-91b5-cd6b46526269
fd4f9491-3d66-408d-b6d6-b335da1bb596,70,Crin Ellett,cf1d34ce-22a1-43bb-9cd7-8be42c3cdb82
8b137e5a-8c51-416a-b0fb-cf83d138f5f1,80,Douglas Winsor,1fed6785-7aa7-4003-a604-8af5974b7e1f
650b603e-e0bf-4827-b9aa-be40016090b7,26,Bogey Jobbins,de47f446-f74a-4720-b285-63423dac681a
c5540e9c-e876-4253-ba67-54125e665139,28,Florence Edginton,92568d53-86d7-4706-9184-f1c14fe3d23a
6b2ae5c0-62a1-4c23-9dd5-40142cb95d46,37,Randal Newband,9f769bae-7ec6-408f-95c5-2cd6c54b7970
f5cd787a-7570-405d-9670-ab4079414bea,36,Marlo Thurnham,a36e33a0-64b7-4f10-a97a-9bb1a7658f1d
18e4880f-3efc-43e6-9d22-a1868f7ef892,79,Craig Ruffles,8f1a075b-b475-45d5-86c8-95a315364d40
3c5e6c49-9e3f-4222-80b3-5a05916e51e4,74,Man Buckhurst,26ee6e82-59a8-4c1a-b4fe-8cad4df7b12c
9822bc8d-1182-47ef-91b9-f7ccce5c148a,52,Clayborn MacLeod,00f45403-d6de-42d1-b021-6b93273bffef
54f333bb-4dbd-492d-85a7-56770b966100,6,Felike Misson,8271ccb8-ff03-45c3-bed9-614bbf6b38cf
88f32e49-19a7-4e08-b79b-56394823b572,38,Wilhelm Lathey,5ce821fa-d66c-42bc-bc11-bfaeeefcde3f
b2acb46f-c7e8-41dc-9049-cffd6e162288,10,Tracey Jedraszek,f72b14e4-6a7e-4d63-98a3-2b41f4c96a9f
56203827-46d8-4ebd-a77d-47a969a20d0d,32,Hendrika Resdale,a34e133c-e105-4885-bb64-4da187c33655
21ee8008-21dc-4f38-a23f-38959a818e27,82,Alvy Dresser,b2ad72b7-f549-4e06-bec4-20f4a365d341
8cb2e16b-6802-4bf9-9628-2a5ec58b9fb7,4,Emmanuel McGeechan,124eb9d6-506f-41ca-a695-6e6cb8c6daa4
c554fc6f-90f5-443e-b84f-3dbb318b7ea3,37,Ewan Mault,affd70b3-04d9-4665-bffb-70191902d630
2f0a63cf-78e7-4f90-aa20-bbc4ee90c776,91,Katee Limming,de0716f2-cc74-4881-b95b-58306768a503
341a2a18-d421-4dd9-a4bc-0620ca38465b,90,Neille Dudney,745a86d7-ab2d-49be-9ecd-1c200ee32b6d
179b5d82-1a9a-4b65-9b7d-caa0608c139d,37,Rodrick Broadbridge,25f7d3a2-87bf-4e4b-b6e5-3832b69f581d
f7ab12ba-6973-4fa9-a291-9caf6ed82f87,79,Jacquelynn Ascrofte,fa4d93f5-d9c7-4e9d-885e-8bf74d0de88d
4e611bc2-5b65-42f3-87c8-7032bf5a9548,100,Koenraad Gallant,0a763e27-d435-4bed-b949-937d91a8fdca
b6ef731f-4f5c-400d-b7c6-5dcd1f524d18,46,Linnea Gyrgorwicx,e916ebe6-9530-4f56-ae9d-d8c176a88b10
cc9348f3-aa8a-41ed-9957-e626e9688921,76,Michell Cleary,7d7ea736-0795-488f-954b-dad8e01f579c
