payment_id,date,payment,consumer_id
97b24302-8393-452f-be77-767647bc8e65,2020-07-07,398.46,aba156c6-02bf-4f51-8df0-227df3ffc0fd
8de15d7f-0903-4362-878b-b014a3a95e22,2020-03-06,8218.27,4d3957be-738e-4103-857d-39cdedc2f03c
6d51ac9d-b427-447b-a7cb-881b87c1da2d,2019-11-25,6710.17,d8926c08-ba06-4a2c-8b40-81f6595b75fe
4292facf-29f2-46a6-9c08-2ed4740726ad,2020-02-23,2061.31,a3a1bcd0-0b6c-485e-90eb-48d14d6253a1
10ee0930-08f7-489c-9c71-5124f194c760,2019-11-27,6200.22,18e5c1cc-5382-4465-89ff-2b01a931aa9c
42f7d84d-256c-47d9-9103-9dc8aabebae8,2020-08-02,4010.24,5a7007a4-7009-4373-a154-5d87365293ac
03a3f195-1abb-475f-b211-5c2d799f5be2,2019-12-07,1411.03,0fe9c6ce-cd38-465a-8c9d-0b9d8520bcf8
217c0d19-3bba-4f12-a6e9-6ea00d57fabb,2020-03-14,4834.81,f7e9b838-0a68-4217-83fd-db7a3e54e371
cb2478b1-5f47-4558-82e4-c157af1ad88d,2020-05-14,693.22,9dbd2490-7922-4ee2-8b98-69a3be4190a1
d810da76-35ba-4655-8318-092484d6aa95,2020-01-18,2702.88,6c2db0f5-0964-4054-a7a1-3b2a09e7647b
c4615c56-d050-4c82-824c-2f9478996bde,2020-08-28,8145.98,6f1b2f41-93dd-4678-94d4-0b40062e68c8
dd786099-7338-4536-a88d-ae0957433d37,2020-07-01,3044.23,68802086-4ea0-40de-b7ae-8a89f6b904c8
6fd39e34-d20d-4d41-b7b4-830f52de55cd,2019-12-16,6004.43,bbdc7fe7-f90e-469f-b591-1a6edfc83873
aeb94dc2-3b16-4b64-a48f-c32b0b5e17d1,2019-12-02,2017.67,62a33084-6a52-4571-9ae5-df729ccffae9
d609635c-f4c0-45e8-930f-d174c22a79ea,2020-06-28,3300.12,9f8416f1-5df4-4574-8118-7da5e68aab4b
600360d0-abd2-4910-ac19-690f08f0d590,2020-02-18,2623.57,f43b8eac-0dd2-4cff-9e19-935fa3f4cff4
e7278a3e-1e2f-4ca0-b9b8-95baed4d3333,2020-07-03,4224.57,6e59712f-fb10-43e2-b758-a948b02c4582
991d3e0d-a2a7-411a-b007-e2e411901598,2020-05-19,6773.47,17b1e2c0-aa22-49de-9327-c63dfeedc90d
f89e4d64-d5ef-4ebe-b6d9-3130473f25d5,2020-04-11,9461.29,f97f2cb9-05db-49fe-9242-ba35fb4eda83
c30da5b0-ca1f-4162-b268-8f0b510e4ea8,2019-11-26,4103.57,38fc6714-d52d-4708-9c04-363c763c7112
9a3757ab-f9fb-4848-aac7-74f7b53f66e2,2020-04-11,5832.22,e7d78969-dbf7-4e42-a6dc-7e4c9a21d323
da255ee1-73b9-471b-ac9c-a316f92e484a,2019-10-20,8062.12,8900894e-7fb7-4bbf-98cb-275ed7b60c99
6f238fd8-0352-4aa2-9d0c-3479a983f74c,2020-02-06,8493.62,bcb729e2-5b29-4a32-b647-44447286c0b7
20d60666-c893-4135-9f0a-b67a576a18d6,2020-07-17,3969.28,ee315a28-ecbd-43c6-8743-284e3a2f0d42
021a681f-1057-4fc7-8c7f-9d2c135e0011,2020-04-11,2920.06,ddcde23b-b1f8-48e1-bab5-de1ab4037d70
8b76f90a-78a6-4b34-b752-471f361662af,2020-09-11,2020.54,f0a22f7f-fd85-490b-bca1-e4c0140a1d10
b43f37fe-4e35-4de8-a9fc-4f3c829ceb42,2019-12-24,607.65,6bc70911-7685-4acf-a0f8-44073cf72430
dcc25b92-5af3-4326-aad6-0c52a4c6b8c6,2020-01-23,7893.38,f6cd280e-88a0-4056-b470-f431f3e6e1f3
42e8cf4c-ce7f-4ccc-92f9-2f2a48e8981f,2020-04-01,8154.73,86bca859-1af0-4e83-b3fa-f71de57a6d16
d63d50ec-bb78-4ab4-a912-2c1440dc233c,2020-09-06,3654.08,03b86942-334d-4401-8fd7-39ceb682c46b
327a6fd1-75be-401f-b9ab-844ef44e4c7e,2020-01-29,5899.25,2edcdd5f-5403-4a90-8b56-11112efd08ad
12a6f7d0-f062-433a-81f5-7253233aaf0f,2019-12-04,8863.54,469ae2fb-41a9-41d9-8ed9-ae9f2db38f55
c62fcda5-69db-4b89-93fd-717032b1ead5,2020-07-30,4599.36,9fcfd239-fc59-409f-9ae3-ccf1bdef2c6a
adbcd9f2-415a-4f0e-a368-52db6305b8a6,2019-11-06,8021.9,93d6ae77-238a-43f5-ad4e-1b98e2f684e5
1e962c25-afd4-44bf-bbca-ad9276ed6a3e,2020-02-25,3253.7,cbfa19ef-1ce5-4960-a03e-e1527ca2d1f1
15fcb95c-5cfd-4d77-a0d6-ec6b82702529,2020-05-08,8998.19,f6afceac-a217-4d6f-97fd-a5c9b491c3b4
d868f41d-ddee-4e99-8509-0850a0ae3422,2020-02-20,6073.24,7fb6f6ac-c8a7-4b42-8b53-b05102ca772b
3db4b568-7a24-4d88-95c9-062f2d6b3053,2019-12-20,9982.68,ffb1cd14-3b00-42db-bd74-f58f61e73e73
e69ecb70-4e73-4c62-9d22-b07d8bc3a464,2019-12-13,8796.36,5414ab32-7525-41d1-ad26-9d60de9475b2
f499dee5-bac7-45db-84e3-c9b63dfa0bf7,2020-06-01,9469.79,8a614937-01d5-4d1e-8988-2b7e0618cf7d
54064bc8-cb5f-4f6f-8e61-43f01c65c2b3,2020-09-25,9570.34,57f5cc2d-472a-40ab-9eb2-d2a1b8f1afc8
e117f3db-ba5f-4918-a55c-428a9a4e0b0d,2020-04-15,7706.51,0678b0e7-2881-482b-84a5-8b6784cdc65d
6426d8c9-ffde-42c0-aecb-b68c92a6b279,2019-12-18,9790.22,617234bd-485c-4a49-b8e1-4c73e63eee7a
895f2cb0-188a-4281-8f8d-fcfae41c9eb8,2019-12-10,6769.21,ed88603c-c36c-4b54-87ca-bf25e25ba368
87e0b044-e8d6-4c43-af44-76732d1365c1,2020-09-20,9282.54,2d909b5b-41eb-4938-ab47-7653e89728a8
bc86b014-222f-46c8-8850-c9c9a9511418,2020-03-15,7357.99,214dd6ee-38da-4a52-aac3-9a671b4aaa79
38c2c113-6c35-48de-9b62-352bba83d4b5,2020-03-06,2439.41,85017410-99bb-4317-8132-2821a0e6de2b
9fcbac85-d6fc-4ebf-b331-4f44055bc531,2020-04-30,6802.88,4b4031b5-f1ab-42f0-a640-e2ebd5116d87
3a5e2ecf-e62a-4273-a90b-4e0d784a6ad7,2020-05-05,4714.64,546873c0-38bf-45f5-9455-ee56c8af6242
73cb53e2-bb66-4428-ba74-c1a61f9357f9,2020-02-19,7404.77,96612253-4b88-499b-b89b-f3e5916bbc11
af6bd585-d2ed-4053-af3d-92b80b5d51ba,2020-01-23,610.39,0d00bef4-f9cf-4aeb-a9c6-9825aa2cf266
77d2fdf9-bcdb-4db0-826e-2d343618950b,2020-01-20,4843.71,602d0955-bc8b-4dfe-b588-2e24201f832f
10e8f7a1-0c88-42e8-bea9-c5319098c0a6,2020-06-04,2332.83,e9db9ec4-69f9-4dae-85f7-a1f713dda7ee
2890ca31-c92b-4d56-8932-dc95ccc229f7,2020-09-04,9912.06,9ce984b5-6cfc-4033-b82a-afa14d1dd92f
a4bcc36b-2f0e-4d9a-a928-a752feab8bfc,2020-02-11,3754.03,6733a085-3049-4090-b76e-4fca0958d078
f386477a-6d09-44ba-b4d7-d0f94fe35cce,2019-11-03,4250.16,7fa2900b-eb73-45ef-8803-150d8a2fae29
36a275e9-cf39-4fbf-968f-7d67002bda05,2019-11-04,9186.16,9540f6c5-9157-48ef-afe4-2276841f4b4e
dbac7c40-7501-449c-879e-a35e5fc7458a,2020-03-08,2183.86,f0d9328c-6d27-4787-a09f-9295f5a574a2
c94d3291-752d-42cd-b5bb-4871ea2de638,2020-05-23,2159.75,90a7199c-26fd-4ba4-ba1f-4950606a0054
0729a1c0-beec-436b-badc-dafea19cfd31,2020-07-25,5677.62,ddb1ee09-2599-495d-908f-f0d52e43e06f
74a3b47b-c720-488f-8154-8939ed86354b,2020-07-06,8629.64,d5068664-708d-43a1-b1ac-9283509d59ad
641fe81f-53c4-42d4-847e-d34cd2b21ebd,2020-03-27,9102.38,9d2923ac-e47c-4f26-bb60-d88772f76ac3
47d3f4db-7945-4737-9685-9c24a699e836,2020-07-11,4890.57,96e4291e-0538-4d5e-9679-46c2840ae339
2c34a6a0-3f95-4da2-8ebb-2ef9688daf1e,2020-08-01,5111.89,bc67c438-5f23-456e-ad74-32cc84811e2f
e8cdea98-8657-412f-937c-5cdce892844b,2020-05-12,2842.11,d29103c6-4c17-40b8-a6f4-58a314f99b1c
2c74ef4f-ae0e-43f0-a814-8300fcaba19f,2020-06-21,1159.52,41b88650-bc80-4da0-b61f-adff483edf59
9bbbf890-365d-47e2-8e99-77892fa6afba,2020-05-19,5828.75,1bc1dcc6-18d2-4770-bf51-ddd159e000fe
08f2eeb0-4566-4c96-bad9-95aeac47231f,2020-07-26,3871.76,1bf6ab4b-e756-49db-8c1f-e5f21f60bf89
38b85fe0-7695-4daf-91de-fadf7d75f487,2020-05-07,260.94,1b675eac-5812-44c8-a3c5-c654c3c9a4cf
6638dd64-38b3-4704-8a04-5fd2ad9fc5e6,2020-04-06,9402.83,ab998b33-45fd-4c6c-829c-008dbf3eab44
9e9d3156-0fc5-4f74-a3c8-46eb535b154d,2020-05-11,9324.44,b1e8d27d-8cb8-417e-946c-afb28882f838
71e649a3-5395-4ebe-96d0-7a0248aa410d,2019-10-11,849.99,e861aa18-1015-4e8f-96e9-3d1f250d500c
0182edf8-f89a-45c3-aa29-f7101368e64c,2020-07-16,293.08,0ba356cf-369d-4acf-8147-73bfc8b3d595
042930d1-64cc-43e3-86b2-a333c4b74be8,2020-09-17,6885.14,0ffbbaf6-0fbf-4fa2-a932-bab26e2390c4
8dc0cf65-cda7-4d18-b52c-c9007d1093a2,2019-10-20,9142.49,51f947d1-dfb4-41b8-bd5b-4ced6eb94a21
b4ec06d8-9d8b-4155-a407-1b70f1f47f48,2020-05-28,5878.4,67fb7f2d-27d3-4bb0-b363-4ec33157106e
185da4c5-309b-4442-86d7-2fed00c04829,2020-04-25,4137.14,69b5e9e1-1709-4631-99d5-47e3a2c004c5
056cf123-b0e4-4382-8710-8e697cb054eb,2020-02-06,1819.69,f989c674-fc01-41cb-906e-f1f14f70f0a1
72f7c1d0-e74a-4d21-8935-98f7680b820b,2020-05-27,3417.55,fbe99937-e02a-459b-9be0-33cc2aac1623
9e165f22-9e45-4051-9c31-5711825960f7,2020-09-18,6584.97,ca34efc7-0d25-485d-8bcd-fe60b0ff1f08
788c0b71-4a2e-40b2-b79a-ac7995bf28bc,2019-12-16,5014.17,b19fd0ca-1f97-4110-8101-69dd5caa2e43
8acf68c1-06a5-407a-813c-eaf235a9cf6e,2020-05-29,9704.13,a369fd8e-571b-4bcd-b437-7206e3a94e4f
43ffea05-18c2-42b7-a418-4b409c7d3ba4,2020-01-16,6618.04,77726e36-f563-449a-86d8-e1b0fa7fe9b4
6b30026d-c961-422c-8b27-7aad532d3c47,2019-10-12,8122.27,88db90e7-2c48-440c-8130-10b65619bbf2
73c3cad3-ab2c-4260-801f-b861a0169a89,2020-08-31,706.25,14382911-cd95-4c69-b4e5-a60cb9d66ca3
e541a1db-c618-42f4-a898-ec1186a6b1ec,2020-07-05,7842.57,6fb39d89-b6df-408a-a4c0-c464b1de90d5
484fe9aa-8594-42f2-8da1-70d157d2b504,2020-05-25,2591.49,23677ac8-9700-4b43-85fc-faa4a64a4951
042e6a87-e6ec-4cd5-8ef6-98062a830ab3,2020-01-25,4527.56,b92d74eb-8bc9-4d3e-947b-0f5ca867af8e
e567bb54-aea4-43b2-a463-e27353ee2bb3,2019-10-30,8967.83,d21fb122-3317-4253-8c77-eb940f7d03f2
103d0c0b-9ea4-44f4-b388-7f1958017978,2020-08-12,9763.28,512b3b33-2a4b-4625-9e76-ad78911f479d
dff95fea-37e1-45e2-a3f0-eca7faa9ca53,2019-11-23,485.93,274da880-1294-4eea-82e1-942bc303ab4c
9cfcb66b-fc90-4785-999c-ea5713ae9c7f,2020-07-21,5726.33,7623b7a5-f9d3-486d-86e0-22a96ca8290b
4ee340f3-fcb0-4b5a-8b32-95cd12f1ded0,2020-07-24,7983.67,7d9cf67c-6b10-4521-9b0e-9d57346db9ed
b0a787ef-955e-4a14-be2d-8074b7e78b98,2020-06-25,1300.83,9a23ed06-396e-480d-b0c7-58061394f881
e2d8c4bd-353e-47d4-99e6-6f36f4544a96,2019-10-06,9047.92,68ecba1a-af1a-42af-905b-d96f7119fd8a
f3a87d7a-ad67-41a7-bd5f-47857d3aafd5,2020-05-22,7030.18,2e2c7066-63b3-4175-b99e-221b99a07f28
7b5f8936-0309-4d5b-8e9f-8f412900bb31,2019-11-21,2146.61,a1a8447c-fb84-4838-b68b-3983a3c817e5
73fd7604-cbff-4387-b40b-2089886bd66e,2020-04-25,8615.41,00c26227-81ce-4ab3-9685-c88d91a12b28
7d864450-496b-4130-bcc0-21d5122d11d6,2020-03-12,2869.84,86096ceb-f2cf-4019-93a4-d0a34d68bf3c
4f0b0dc3-0a07-4155-9641-6c3201c4e234,2020-06-01,8104.66,711b5423-9b6c-405c-86b1-61be3ca97493
1aa02e60-5508-4490-ab63-b32723e4413b,2020-03-23,6179.92,136c7ae3-e629-4888-8762-60308b65b599
1e020b78-d815-4ff0-bbfd-993096c42ac7,2020-03-18,506.41,af5dbf2a-57ac-40c2-b711-5bb1df6e28b4
cfe654d9-8fb0-46eb-a784-15b3c2224ebb,2020-08-18,4108.54,4f6e1902-f321-41d5-9952-5ba8fa9e4090
6e945b1f-804a-431d-9123-6ffe5211d571,2020-09-07,4847.27,442cf414-923e-4e34-962a-70319fcbfa07
b4d84093-077d-4062-a4a4-aef6640c5483,2020-05-19,2448.07,468cd606-12c8-4a9b-8626-0147c89790ec
9ef461c4-bea9-47fe-bc4f-cf6ea1e0ed35,2020-01-02,940.24,9d497195-d825-44ab-8554-277f1d640a51
0c0c6300-0afc-4dca-9d93-c447c3f6989b,2020-07-26,3908.55,0147525b-af9f-476e-9c6f-46705e4bccb9
7af3ba68-c96c-408c-8fda-b8c8c4723321,2020-07-29,4071.49,3cb36c4b-7f44-44d9-bd94-a7aadbbea9e0
f750e5d5-1117-4d28-8ff0-004c9fcb1998,2020-05-09,2954.21,e0a10cfa-977b-4093-8d8e-6cfbe029b287
9ba0047f-d1a0-4074-9ec7-1497adcf22c8,2020-02-27,7413.74,b29e24ef-c2d0-41dd-b267-0540e03900f1
6f975c09-13ec-4874-accb-c6e1bf85e5b0,2020-04-07,9494.45,b1655144-7e94-41ac-8739-d79f304776e3
a3c87554-5577-41d4-b96a-2ba4fdc42361,2019-11-13,2933.11,0b3f3a30-40a5-41b8-ae86-13d425f976d3
bf1eb567-6987-48b1-854d-91f15252664f,2020-01-11,6278.74,6af3282b-ac6a-425c-bbc4-0fbea9a7c9f0
0e52c0bb-a426-4711-8c82-507739ea1c1e,2020-06-21,1828.51,562a1b3f-a970-4c28-8414-c5e7967cca79
8e7fb4d0-8939-4719-bae6-9fc8f2806185,2019-11-01,7628.63,88c58664-20c4-4453-91a2-09f0d9db7357
c31881b3-3c71-46ed-a601-224a3902f43e,2020-04-24,1244.14,74668f6a-042b-4744-a5be-f3681a6e004a
2804836b-4458-4a65-bce2-4a5d998652fe,2020-05-26,2030.74,e36ef910-25fb-4113-a91e-ab00b5d185a4
5d5486e4-47dc-4940-bfeb-30dbbc5308b8,2019-11-01,873.8,77e7459e-13a7-4a9c-95c0-4338adfdb71b
602e52dd-751e-4e7e-a0dd-4a8d54ff6707,2020-05-18,8491.73,82bf724d-c8a0-4ebf-9dbd-eb6c13c97493
119ae863-5aa7-4ecb-8674-460b4fa8fff4,2019-11-04,7814.51,bc5ba133-5f98-43cc-991b-086fd66e0394
c28d90fa-7c41-44ce-932f-00f0e3ed1bcc,2020-04-17,2882.3,b4b5b4b2-c0fc-411d-acc3-098388cbcba4
233202c4-c38f-4888-afe3-7c8b58f37956,2019-12-26,7800.14,4c64dffa-5e6a-4620-8e6e-246edb9deb4e
94c3992a-66ce-4808-8f13-cd6f222c0957,2019-12-19,8592.14,7da39812-42ed-4035-b8fe-2b82892b5733
48d6ca38-002c-414d-8dd4-1b4aad1d07a1,2019-11-08,7781.88,64cbd121-a981-4567-81a8-af5fcd63be41
0360fb62-d872-48fa-a58b-20b4173081b2,2020-06-28,3711.93,70b4c275-d0df-4636-881b-0572718e0d2d
d4870ba6-a87d-4041-8722-482fa251ebf7,2019-10-27,9326.28,df211093-1f99-4212-806c-5f9c4d64768e
81dac796-6f03-44be-84e6-8040745b9e66,2020-08-25,592.05,dd8b632d-8236-47b2-9adf-ae9921a04bee
4d294a12-e4c7-486d-bf30-80ef23a591f3,2020-02-04,5874.75,6a76030a-b17f-4196-be8b-b982166d44b3
051d28a3-4a12-4fc8-a533-d844ea4add1b,2020-06-03,7565.6,32a6f1b0-cba7-44a7-b699-13f305361962
9cdd59f5-3943-4e72-bc79-ad033980e826,2019-10-08,79.52,fc692361-e34c-45c0-a505-e16f33c4ffa9
da186cac-097f-4333-9bce-e9a51a751a45,2020-07-17,2081.86,fdb09af6-7468-4557-9a74-a99e6b121e6a
8e8a68bb-2fbb-455a-ab4d-c8c36731dc4e,2020-06-05,5467.96,89fe5b09-f325-400d-8f2d-6e42d6beab10
180fcb07-c450-4fe9-96ea-9e30dc76f642,2019-10-24,3422.01,edd22593-af3a-4b38-83b0-ab2acdc24908
29c785ef-57c1-4c15-8fb3-38b835aa35d2,2019-11-04,6333.36,cf4d8b06-80d5-4694-9ff4-81fd56895b12
81bf9715-d8eb-45cd-8d29-e8319dc81832,2020-05-10,458.07,4179ed2e-51ea-47e2-b224-f2c52dc09339
8e706fb9-f553-47ec-947d-58e40cd1faa2,2020-02-13,4158.98,a97a67c5-53dd-4915-823d-a9fea07b5b9e
1f16e72e-be28-4a23-809e-6c39fa71db48,2019-11-24,8229.69,f0110905-9b99-446c-86aa-596e3f610156
646e964a-9b63-42f0-9332-fcef4116339a,2019-10-09,3195.89,86c061cf-78bf-461f-81b6-b2cc000cb1c1
7af522f8-3217-4aaa-8460-be7affcbc25c,2020-08-23,8481.87,a1ae1a60-54e0-43a3-8355-ab9acd8a90ba
5bb70074-4a3e-49de-9253-f106ca6a80a3,2019-10-07,6184.5,969f0790-5813-4f62-bc1a-3a75a22011a7
7e5904ad-6510-44db-b467-95f56bd5dbaf,2020-06-12,2230.95,d056d4a1-1abc-4012-aea4-5c318505b676
33ba2b71-ed86-4e48-bf2f-fbddbf8859d7,2019-11-29,3432.79,045783a3-e565-4937-9c7a-c1888cb71887
05e5efa2-3788-4163-9ddb-e2fb31989006,2019-10-14,196.67,fac8f749-887c-48ec-bced-0902d470c90e
2c074df1-66cc-45b3-ba26-9d866b451d8d,2019-11-08,3105.42,5c3f5485-f0be-490a-8104-586e69998ca9
a5423e16-68fb-4e94-bf34-662ae14e43dc,2020-02-29,4809.85,51142569-2ddb-4b46-91d9-1d747b3a72f6
ffaba018-88f1-4cb3-a790-1140c578d753,2020-06-30,5180.64,b98d6add-ae87-41a6-821e-15611f079d9f
e01d0832-92b2-421a-9242-a2a7c57703ca,2020-07-23,3047.24,c3716a31-af89-4c2d-a571-4dc5eebcf421
95bb3c6b-9983-4ae8-b308-88374bf81f09,2019-12-02,873.52,a703a686-6827-4111-ad4b-1b69352049a9
aec3d1ed-afc3-42ea-80c9-60fbf7024e01,2019-11-06,7875.12,c8f7ad5d-1f02-4eb9-94df-89c833d44a80
54149563-5a2e-4e43-94bb-e208a01af781,2020-03-01,6823.69,cd6134d7-4eed-4210-b040-ad7178ea8a44
835b921d-0fe7-4b87-8f95-daf716229c36,2019-12-12,4249.57,928f6d7b-b453-4143-8425-93afefe44178
829fd7af-88b7-46f6-aa1c-845ee57bdc7b,2020-01-30,8626.81,d5303a95-ae0c-4d0d-9545-d5c1880b2880
f97211ed-04d6-497e-9348-92da3a5c524e,2019-10-20,9729.04,e5fb163e-4895-44c4-b2ed-c8380233891e
e9329e38-7b6e-4468-bdd4-56b79feffcdf,2020-07-20,599.56,124f1c2a-780a-4c93-ae62-f0e0e095b0c4
623acd17-5b14-492b-954c-8b307974a9f1,2020-03-27,4067.7,25661d5d-7c97-4418-91e9-96b412cf2fe4
681ed607-8ee2-4d6f-af21-eb1153911d65,2020-05-22,2708.2,7d5ecc01-e352-4d77-8192-c8ed57ae1062
3f250f3b-c0e8-4348-80df-6853cb08c05e,2019-10-12,938.95,5505e52a-98b9-49b1-9047-4bd1274ea5d7
51269991-00bf-47a6-8592-e1ebbcea13b7,2020-02-02,9663.46,22b218ee-1e85-413a-9ccb-3eb10bc7faf1
94864c71-0555-460f-8168-2cfa5c4bf896,2020-08-08,8614.29,bcc3e082-c282-499e-8d7e-df27a7011e57
c2d7264f-2870-4d7f-9e11-15ca8ce0b88e,2019-11-29,9675.3,c4df6d8b-e943-4529-9487-d82792333f92
f209762d-c331-477c-954c-d7cd6890ae38,2020-08-01,7699.99,4b2d9041-1c9a-422b-bb7a-11810c0145e8
8b7d074d-7bbe-4180-b86a-9ef3a541cf46,2019-10-09,375.35,dc7a8cf4-368a-4b0d-bab0-695c1c5a32c3
2ff746ac-7b34-4260-b6fa-718aa7533a02,2020-07-19,4294.33,79ddfdcf-3a6a-4a8f-ac60-157b8f108a24
36ae1767-8c0b-4894-811b-9011e1b5de1e,2020-04-10,6174.63,1c28060c-f89a-4ce2-a964-a835304cb172
467df878-ee34-4500-8229-e98e9315d0f4,2020-07-21,5608.22,68635f15-ac22-416b-b468-a8ea688ded99
eb9cfc90-68b0-413b-b9f2-c55517f43f1b,2020-03-11,6985.4,f310a7b6-bbac-4ebb-9080-88e1214b1b94
b56d0177-36fb-438b-a07d-d75e7475b13b,2019-10-25,2041.52,cf640869-30f1-4cf9-81ab-5beb3fe0b383
0ec76b69-2c28-4dbf-9235-04e56766df6d,2020-07-13,3929.46,6d96332b-a520-41f8-827c-919197eea914
7c022667-db8c-4f7c-bfea-d32dc891e869,2020-05-25,2037.52,a135b357-f623-4ed5-ac4a-08f1eb9696db
84e27b2c-215e-4b73-8d78-efc08099bd1e,2020-08-29,443.03,6b341cf0-3a58-4059-a650-8902a14baef5
a13bfeaf-42db-4543-bd7d-121b4bf31ebb,2019-11-28,4705.29,9cd3bc70-ce10-4831-987a-24e265c2d2c7
2e0b6dc8-c61c-4c27-b206-0b00dd0158db,2020-04-03,7702.31,477cbec7-cf0a-4bf8-a0d2-22ac85bd6e65
64c6b48c-95d1-4c6f-bfb0-cc76ed3883ab,2019-12-25,3100.69,52661c36-3f61-440f-9c17-e30b1ff4b3ea
73a249c4-db76-4479-8807-874087d75254,2020-01-18,4490.2,31f2a323-3c81-4ead-a6ee-22870542b527
a63f5ca7-b0f1-40b4-aad0-4b5b90beb397,2020-08-05,853.72,019db5df-ccae-45e9-be7b-7a285df0018a
4b609c4c-87d2-454f-b4bd-a631eb6def05,2019-11-24,5399.99,63507e5e-8e55-42a9-a92e-d525c099581b
92dd441a-39ea-4df7-bcb0-78c100abf915,2020-02-14,1720.94,d5651e1b-9ba9-4838-ae42-60b47eeb22e4
162c2d68-8170-4154-a403-50b61320aadc,2020-09-08,8088.25,f21ee2bf-a02b-45c2-9556-eebd1c4fed4f
60d2a00d-0584-4df9-8e55-84ae9580ee20,2020-09-06,9876.14,11599739-b109-48e2-bff6-6aac9aa9fe75
e575f050-4d3d-45ec-b75e-54e7d3fe9767,2020-01-09,8528.94,ac8cc285-8f5e-4292-9e61-6049fc4482dd
aae31d94-8197-4765-859c-eca5ca833367,2020-01-22,9687.12,a3119d85-7c15-4d99-af3c-ba3b1543bbbc
c6d422c1-44a1-45ca-bfbe-5950d6248d88,2020-02-04,1849.09,1ad9f0fc-90a3-4a2c-94c2-b73c218bea9f
67e2bbf2-724e-4833-9c75-6156667132ef,2019-11-10,5652.12,afd8d775-b0ef-43cb-9d3a-0158b2aa10b6
a52a82dc-5460-40d7-ba9d-6d388de64a72,2020-02-14,3253.87,53c28c82-972f-422c-a3f3-eed8ba6a2741
09626866-bc5f-423c-a409-bd2c39f36d8c,2020-05-11,7330.48,9f4b7bc1-fd7f-4191-b435-19a48bd0cb44
54d420c7-f8be-4f40-9615-0d1a780aa475,2020-03-31,6077.62,6cd4c36d-a24a-4c88-bfd2-b45b4417ee4b
2eabf35d-0f22-4b3c-9742-b720fc7cc95e,2020-03-10,6798.36,c301667a-3ce6-48dd-837e-1a74563f949e
b7c8948e-8fb4-4620-8992-c7c1c5c982b8,2020-09-19,2861.78,3ffbf9e0-bc83-44de-8fc8-ab548ae30354
f6aca2ab-cd50-4aa7-9369-25474dda3c5b,2020-03-19,2544.52,81b18cdb-c517-488a-953d-6f0eda8e2727
4c17c1b5-04ab-4e20-9e81-17aa8c1b8262,2020-07-26,8017.39,2951457a-7068-4b0a-b9fc-4c8b44a87988
bcf1cd60-958f-4657-80e2-5520a9fc10a7,2020-04-26,7820.4,90644f83-c3d4-4496-9955-d371c7b058ac
9f13c554-a166-48d3-8b3b-5f67532c5413,2020-08-29,979.25,30e0ea63-57d9-4cef-a780-86b16fca0c35
2b16eb5b-6ab8-4fc8-bc80-78405c14c787,2020-05-23,2938.51,7a6b88f9-2ede-4f16-99a2-cbcc5f0899ec
e52531ad-16d8-4f05-bb8c-027173f6470e,2020-07-27,440.96,02aa36a2-fd87-4f80-83f1-6cca3ab7debd
41f00453-b659-4169-919f-6d773ceecfe0,2020-08-30,5816.91,e6ef1304-dab8-488f-a7a4-b7a72fac01d2
c87882e5-1383-4b32-9816-ff51e911639e,2020-04-13,5459.85,ec9e5fe3-854d-4c92-af7a-70d2c855dd52
1b62ecd2-8fb2-4fa5-bec2-6eccaf337a71,2020-03-25,1686.34,b667d88e-7d23-4c06-9b9b-2fd26294da51
f02540ea-6602-49d0-9abc-814265cf425c,2020-04-15,1706.17,06377867-985d-45bf-9783-3f6aa9466f7f
5706e968-b274-4073-8450-57c6c682630b,2020-05-08,8642.8,19376cc8-8ae7-4e60-ad66-42afdba23954
e3f38808-2e8c-44a9-8004-dab7b646a01e,2020-01-06,5755.08,b643c0c8-7ab0-4432-8946-da42d9624ebd
90eff87d-5454-4579-958c-65195845cce1,2019-12-07,9784.27,9ef257aa-51b6-436e-92b4-a520b40d1b45
3d33af22-7c60-4536-8ad2-70e63d09ab7b,2020-05-05,5932.79,9dac2f7f-fdc1-4ec2-bd11-335740b24d2d
b4aecb03-57ae-475d-a0da-7227a366fbcd,2020-05-24,9897.55,64d0166f-4d33-4520-b1fd-364a97b72108
694d3d9d-4f1f-4614-a5a9-0b89808c05d6,2020-02-14,5484.17,b96e29b8-c299-4352-bb7e-d1b43f8ed94f
7d1758a4-865d-45b7-9ebf-f55eaf2b4c30,2020-09-02,4784.6,cfe12993-6342-4c70-817e-94b86671b6e5
2c7429aa-0de0-40b1-997a-9bdde55cd6b7,2020-02-02,810.61,a9c8b281-a66f-451c-9b54-24533a1d0a2e
3b31f263-4865-426e-83f9-2875d41bb562,2020-04-30,666.79,1c94baaa-e16e-4fce-89b6-272c0c221c08
852226ee-3c52-4919-90e1-24cf6ec823f2,2020-07-03,1107.9,283ac373-63f2-4ab5-8181-fec0d55de441
011575c3-93dd-4a86-92a5-ef852e38cf45,2020-06-21,2269.22,c05242b8-4f7f-427f-8b99-39d8c4ff661f
f7e63f83-1e47-4ab3-9c33-b0e5c2fe6206,2020-05-28,7603.69,1789cb4c-3775-4234-856a-3eb6f1d29a2f
9f01a4b9-78f4-420c-8b9b-3b8aa860c5e2,2020-02-16,2250.35,3c2809ad-63ee-4be6-a4df-bed53a59f928
6d48a854-b50b-48e5-b4fd-ead90891d83d,2020-08-16,1295.91,b6363f71-c483-4c75-8344-ebf9b4427e59
ded90e13-d770-4cd3-9540-56e250eac65f,2020-01-25,5226.07,963a3e7e-534e-4821-9d66-9427f8edbfa7
8b334e88-9e55-41a7-8e12-0b9abb541cbe,2019-10-18,3079.42,d3e132f0-ba34-41ed-a567-8cb6cd07cfdb
3300c6cd-3c88-4459-a0d4-b4f537f3a73a,2020-06-10,5902.53,50fe56b5-1d14-46ce-b5f2-f0302cef2adf
ca5fb6fa-4c33-42e4-bd25-da81d7b59d6b,2020-05-04,3637.01,ff262983-4f7c-4ecb-8902-732f0ab5a829
ae38800c-6c17-460a-a22f-b0a90f31d3e0,2019-12-10,4594.62,6602e7a4-9e43-46b8-b5ea-9b885647e880
b520f62a-671b-489c-97e4-aaac661ac643,2020-06-03,3858.58,c3351655-b6a3-4358-b575-f0ceb1925107
a8979f34-1db3-4934-99f8-887a053453b1,2020-01-22,3556.65,49d3b875-8098-4a67-ae0e-b74074804057
3dd30069-ef26-43b6-9267-f01c8e23b580,2019-10-16,7794.68,f64d996e-0b7f-4c2e-874d-c05d757e30d4
52032f90-0e5b-4c1c-a805-79d658c0597d,2020-02-27,4768.08,4faf059e-3e32-4052-9f5e-6460afc115ab
a08c8568-97cd-40f3-9617-8e08f8b334ca,2020-02-21,7363.94,3bddea61-5e4e-4c7c-a274-8814333f1e09
e010bf97-df74-474d-90db-eee87b000a01,2020-02-14,8886.06,b61f46d4-e12a-4f12-9f13-ca678afb705e
6339c341-77d3-4b1d-9af1-c332f12eb556,2020-02-08,241.2,11b16853-763a-4a25-90d3-386a6ae1eb47
85327d89-884c-4238-b356-16bf82e08d3f,2020-02-19,2757.59,b71bb2d3-f732-4a59-a65d-dbe3867cb520
54777390-4fc2-4683-aabc-ef71e4395586,2020-01-20,1602.77,3df3c8f3-213a-4080-be1a-3add262b8be0
4941b1aa-b964-453f-9c33-790f9dec79e6,2020-08-17,5978.41,703211cc-b97a-41f6-9648-940222baa2b6
ca03c627-2afa-4342-9cf0-86f58adb534f,2020-01-04,259.47,bec9d1d3-5a49-4e7c-b613-c85512c6fc63
aa501305-ecfa-4ba4-aa04-d27ba53019ea,2020-02-27,7830.76,7dcde165-3b7a-4806-a068-74510b3224cc
d9700f72-8b69-4dd8-a10e-8c78e9954207,2019-12-26,9629.37,467b3a6d-6e72-4082-92e6-2c0063e6f854
8770c065-f70f-488a-bb97-ee1bb8952cd4,2020-09-09,6587.47,12deddfd-4453-4def-916f-0645df739158
9015eef8-5a54-4423-aab6-44feb6a3cb22,2020-04-06,6952.76,b7177944-c688-4b24-a152-8e555734e9ea
fc72717e-8ad4-4099-8879-79e0721b4e51,2020-07-08,2061.29,1f464654-2ea9-461f-9c49-7993f290ab42
c206529c-41ac-41ea-a5e8-18a3d1b1b46b,2020-03-15,3909.82,c20bfa77-9962-48f9-890f-e6ce9bc78bd1
cc9be0f5-c907-45db-adea-9b46b2fe139d,2020-07-22,8403.08,886a928c-16a1-4a48-a9e2-bb0fade054e0
697f5fca-b8cb-4d9a-b13f-143d52ab21be,2020-04-03,5550.65,7ac56148-a676-47ce-8977-c6886e112eb0
88949bd4-cdca-4a99-b36c-a5bbf6dafb26,2020-09-28,9882.61,7390155f-2b6b-41a1-bb0e-ab2d0630e339
e9613ffb-c8fc-4cb2-be9a-101e0f92e796,2020-01-27,7626.53,22b3ad6f-97c3-4b1b-96bd-30566da2ca0a
b7ebeb72-45f0-4ece-9f0a-3331281d3cb0,2020-01-25,9523.73,27ca480d-45c4-4e50-bf68-f652054f83e3
8624b07b-8119-4e6f-b545-ce151033980c,2019-12-26,68.01,9effc7af-6d52-48b9-a127-47cb4d215ee4
fef622db-0724-41cf-bb5f-50a9e30fde10,2019-10-01,2959.66,f5049966-d618-4a9e-8096-7c6938d6d036
4643eab6-99a1-4fbe-9252-cad4e86c3018,2020-03-11,3056.13,bf81ca7a-9e34-440b-9eba-ae54ef62dc83
c1ba891e-b2c7-4c3d-a5c2-5f97e78c458a,2019-11-01,1833.97,00b02acb-5029-468c-947d-e62dd8b5e5d1
86fbd24e-2a13-4698-a384-6f646f74e2aa,2020-03-06,135.55,09b66fef-0297-4474-9736-9e902e8f206c
3e7d7878-10a4-49d2-b867-66ac0907d0d8,2020-02-09,9495.4,6933eb28-6608-49e6-8a24-51c20be1ab8b
ec01bcbe-bf64-4978-a3ef-9e7085be513b,2020-06-16,787.48,471dfff7-555a-4fb4-a22a-fd2000f45ade
4c980545-efd0-489a-824b-83e33f30aaa6,2020-05-23,147.37,3657b1c2-1885-48aa-a6ca-30c040a5b7ee
845528d5-be6f-43d6-b98f-85ba5cb26506,2020-04-18,4385.08,b378a954-fbea-4001-849f-c405b4efb67f
98d010fa-cbec-4c94-9a22-5b51f66788dc,2020-03-28,4979.66,605cff19-8729-4d52-8ba1-7ef7566abd6e
3b07d744-f5f8-4a49-9264-a7a420e050a8,2019-11-06,7529.59,bd82e719-0022-455c-882c-c310e5ad30a6
a8e3cf99-bb76-4452-9abf-10847ab583d9,2020-07-27,8225,a4099904-075d-4b74-bad6-d1b8ae04d575
4bb66456-f1ca-4443-9518-a5a852274d7b,2019-11-03,1758.05,8b7f2fb0-5a09-402b-b6c5-fa7bda7436f7
8073c68d-afcd-4490-a332-3d55204652c9,2020-02-26,8934.35,03d61656-866d-4e31-b91b-f4b6e77968b7
17abf831-fb29-4677-a6c2-f33c32f26c92,2020-05-30,7671.13,a72489fa-f24d-4e11-9f36-4242bac02aac
1c2281c6-dbf1-4ebe-a43b-daf9b76341b7,2020-03-06,1196.62,14666f4d-b527-4011-a6a1-a612533cbd38
13923b28-25c4-498e-a80c-88622c6dc98f,2020-07-13,1919.41,523cf1f7-a96d-4b3b-9121-2df598236050
cfcd379c-ebc1-49ce-bc43-098f8b5956de,2020-05-27,6370.74,81820c44-6b54-42ad-801c-04c474e8ae8b
b8b21a51-0c91-40cf-accb-4cda57834986,2019-12-29,6268.08,49da99ec-1489-45ab-b459-a1522d556939
e69c0143-e8a4-47cf-b85b-833da6624ea9,2019-11-27,6828.85,302bc8d7-095a-4daa-b173-56fb7fb307a7
b997f1eb-4084-4ec1-8cdb-6de5fcf44916,2020-03-14,6667,4cb26a16-5287-4c7e-92c5-cd183dbd8985
b97581e7-c9c7-46f8-b749-8200ae02cd77,2020-07-11,9163.7,84d5bd84-90c4-422f-b833-73970fd35296
2194c287-65be-44f2-8baa-b7aedd84eded,2020-07-15,1841.75,b438ee6e-bc3d-4dc4-b4b7-621e42b4a211
df08a1dc-7b96-40e5-93cd-9de4fe890caa,2020-06-01,7255.8,62c95b91-6748-437a-850a-9d8591cd1ab1
6f3a53e7-2846-4771-a9ec-27cbb4e26ce0,2020-05-19,693.51,ed634131-a007-4785-9ec5-9c6c04fa9ec5
af04aee8-cb03-4619-aa17-fb17604e28e3,2019-12-06,9376.86,7601d1f3-c899-4099-a0f2-f80281d51909
28b83385-bf2d-41f7-ac7d-885d9191710c,2020-05-30,3844.44,b62c7ac7-411b-40a6-a792-126e78f13e86
c21d4eb9-8094-4b4b-8977-9b3c5da9d81d,2019-12-21,6041.47,952a6ffc-7b55-4c30-9ebc-e5c888671706
a0fc6e8e-f5b7-430f-b195-523b11f7838a,2020-02-20,4495.12,94df5f69-fad5-401a-9296-6cc90d259f95
91ec543f-e70e-4a9c-ba2f-5da46eed1dfc,2020-04-14,9788.55,dd414687-be81-4249-b514-af757a803a05
cdbafff4-4f46-4e5b-a1aa-f53cfadd1ee8,2019-12-07,4778.05,b504ce11-c710-4ca9-b4be-3ba46cbb66d7
0b1c8346-0652-45f1-bf81-a95e9ad52edc,2019-11-23,9105.1,2e795ff8-9a51-4e6c-b1cf-72370150b98e
a1a9334d-c53e-46d8-8344-c0cab6da65fd,2020-01-16,6558.77,a1b4b9ba-1c45-4787-a77b-baf477ccdc87
cddba459-831a-4e32-8c7d-3b6642a01c6e,2020-09-11,4884.22,501757c9-c39b-4f09-ace1-c87ed07d990a
db5248cb-9211-4182-9a01-7b434833effb,2020-07-20,5356.58,7ba44754-5347-4570-92ca-51e4abd7ad31
02910eb7-eb0a-4a4a-a7b4-5c153937e484,2020-03-20,7063.71,0d03f70a-d9b6-427f-8b94-201bb83c0396
3518062f-2522-4be5-b247-2323329f7d36,2020-07-15,1075.67,c6741846-b100-4677-b89e-c6d15c192ace
9897dfc9-367e-448f-8ddf-de3bd31778c4,2020-02-29,2789.68,e7d2e411-5163-4c11-be63-56f15082ec8a
d1d691c8-c26b-4bf9-8258-5017c909cd95,2020-08-08,6124.66,06d4b4e2-c9b1-494c-9add-97439ee75084
3c72596b-835a-4162-8ce4-befc3b712385,2020-05-24,1913.75,0fa043aa-83f7-4261-843f-b619d3fcf577
b1152aed-1fca-4392-be12-593a4b9bcd01,2020-05-25,8208.83,cd962b92-c69c-4911-a2da-40453960874a
02ef3800-24f1-44c7-9c73-7a253bb0020e,2020-01-02,404.2,c2c4361a-eef2-44c8-bdda-52580e3b4130
f8d65796-3b80-4ec3-a1d1-60d27d3a827b,2020-02-27,2684.81,4e7d6ac6-776c-407f-812f-8caa17734496
baeb370c-8be7-4d02-93ff-141426c687c7,2020-04-14,3063.15,1f4ff22a-9b18-4e1c-8bb7-56fe871f3dc5
82cf0589-278d-477f-b32a-fdc93c26aec0,2019-12-02,5165.98,b4c9566e-ee20-46ab-b61a-37abdc6d8024
213f0db3-ed07-4744-b4db-e1c490b84d3c,2020-01-08,4929.7,7414d958-dea2-4958-99bd-58832d4847fd
30b84060-d650-4920-abed-dc68d41e243e,2020-04-09,8802.23,78e38926-17e7-4cb0-bb64-09892c016a33
43b3f7b0-16a6-4178-8004-e51b35e36036,2019-10-12,3094.5,867e5cfc-b11c-4fda-bb96-a25e8ac51c45
f08099c9-3459-44cc-887e-a784fd6a9814,2020-01-02,3242.12,8d8c2b74-7512-4643-ad83-340764974bdd
01dc6001-72fe-4ecc-98b1-94e1ca773ea0,2019-11-23,8707.52,290b6e6f-1d91-4bd3-9277-c3a2924cf18d
9224f0ca-84a7-453a-973c-f2fa7a9d4ace,2020-04-29,219.08,5081c3bb-e85e-40c5-bc7e-36230a7bcb16
2527ebf8-2aa5-444b-84fd-8fdecd3aa86d,2020-01-08,2926.34,74c117e3-5c72-4b55-bf41-c79626fac14d
8dbf8c0c-d082-4a5a-9ef0-59941a72af23,2019-11-08,6310.46,1bfdfa1c-c846-45c9-b4d5-15cc6795cc66
0031ebe4-d07e-4605-8a56-362808a8c3f7,2020-09-18,4082.39,6be62bee-f201-4079-b8fa-38b7a34b2c26
b6a96827-ee60-4da4-9440-404a48fac9a1,2020-03-17,8017.32,b975b8d2-1ddf-44d6-8588-5d09e44d1c92
9e2e7393-f844-4761-a808-33bf315b599f,2020-04-21,8781.47,d204538c-4276-4c60-8d55-ede799881007
90321c36-1bae-4a7b-86fb-d1472ed5e73c,2020-03-13,5364.6,6c83e0e2-329d-43c9-9966-f21c2b297e12
d50ec11a-cb9d-48c1-8980-968690b085cb,2020-05-08,8048.66,91c9a85d-8a4b-4ade-8548-a8171d680946
97759b7c-9b28-4443-9960-5783a1a69815,2019-10-28,2925.9,6aac0a4f-5f0a-473c-bc7e-e1cf6ab43202
80aa3b5e-f165-4203-884e-4d97cfb00c18,2020-05-26,9403.15,b6b23739-8ef2-4fea-9242-78af0e3e2855
9a258fd0-a819-4bea-a97b-17c93cf67a2d,2020-04-27,6128.4,c81c87af-9a6e-4777-873f-6a0a1b50ea3c
54a5232a-2d3c-40c3-921b-996ebbd341e3,2020-04-09,9713.82,6b7923ef-bd4b-43e2-ae44-53422dfb7822
9534a36a-d927-4cbc-aa45-dd045fea7efb,2019-12-20,4804.4,eec3a6e2-7ade-498d-8cc8-5f7d8e2331cb
940e14c2-176f-4ba7-92bb-c8786e3a2568,2020-01-30,1779.32,bc2ee1dc-f308-4ee1-8918-e29cbbb9ac7d
11d026ce-42b6-4b86-a857-908b1052edd0,2019-11-30,1366.53,11a3be60-cedf-458a-8b93-ef8238a170ba
8d5ba650-3ced-4e3d-9595-b723c3cebce9,2019-11-28,4708.59,11882f6e-6fa6-426f-b855-97725c09e856
e9b70dce-ca6a-4335-8644-97632b49f16e,2020-08-11,5869.72,3dc89dc8-1d28-4ac2-9fd6-4c029d3dc483
ef208dc2-0369-45a3-8189-b11339050218,2020-06-14,7971.02,04bfea15-7aee-4c09-93b8-2b1e4b0cddf9
ea559744-0fbc-4566-a942-e231604b8ea4,2019-10-09,7781.3,3c2aef67-0f64-492d-bfe6-c87bf9bc3667
d0320b20-59ca-44cc-a539-edae3371dfb6,2020-05-14,4565.47,7ff2e64d-c2ef-496e-831d-b8c03b0dea6e
9f1c5f9a-2a83-449b-b3bd-97f64a623a5d,2020-04-22,4201.2,bd6bd801-24ce-4122-8db6-d6810af7ffe1
4e91371d-f9f4-48cc-a6e3-1fc4df04fa19,2020-08-06,9781.93,1480d9a9-9aaa-49ec-8a60-ba2885d11752
5edb3882-88c5-42ec-951c-66addfb7544d,2020-08-27,9394.05,24f539f8-0f72-4256-83e2-682f5a12c690
affb289e-5f9f-4b36-a375-a84b9f85852e,2020-06-25,3213.11,e8eae021-056e-4149-8c3b-7b386d65ac4f
28a17e08-dda4-4e56-b8b4-a0589cbf1008,2020-03-09,2162.46,b6e931e3-8093-4910-9360-cd08da15d8f0
eed313fb-4e8b-44ec-abcd-ab4e8d65fc16,2019-10-29,3343.34,dd50a67b-aa04-4611-a011-80d5a93dea98
24a9e8bf-0fd6-4b84-863f-1aeb64e144fa,2020-09-06,2369.14,b64a17e7-66ac-47e3-8836-702f67e45783
bc232c7d-d56e-4ddd-90c3-10fd4a3418dc,2020-05-09,659.29,9790328b-a722-4a02-9efb-22dd4ffc3acf
ea6b6979-04d6-45b2-a4cd-8c1c297d09e3,2020-04-24,8696.56,e091592a-c45a-48ec-bbd5-e77070efde25
31d956ad-2527-406b-94cd-31a9747deb82,2020-04-25,3947.67,d0cd84aa-1f1a-46ca-a2ff-01c2e0d0825b
e20be846-2fc3-453f-a971-ba60a955a4fb,2020-08-13,4223.05,e44871ab-38d6-422f-b1eb-6447692a7694
e5c0d643-0de9-4436-9362-3d8607a686f8,2020-07-03,6778.71,1a866a1d-3391-46a4-a140-c3df2d6a9ade
3293886a-b121-42d7-a0f4-a53b80a34f43,2019-12-25,217.87,184ff4e8-f303-4deb-b06a-8af7cc7d23dd
8195750b-a6b8-4259-ac97-8f6b3f9a580c,2020-01-25,1537.19,a51d36a3-836d-4d20-94b2-105e5222cb07
31aec361-7537-47a9-84fd-84630b9f6297,2020-03-14,3588.21,e1aa67d3-5e35-40e3-9028-35411416c0cb
2e2314f3-ab52-4777-a7ca-166e7d3d43b4,2019-12-13,8164.86,ba8c92b5-707e-4c86-b377-e6d433e6a193
8874cf71-2432-4196-ae6e-38be3639fece,2020-05-11,2544.2,2145d189-8dd0-4e8c-9524-8e535877cafd
0c1c06f5-372f-49e4-931f-d4ea841c577d,2020-03-01,4843.97,b06e06eb-57ac-4aba-8946-78335332a9d2
10c544d8-fbf7-4475-8ff0-c246fdc19982,2019-10-04,5497.72,4ebb7fde-17bc-4d56-9587-4e56bb3bff63
fd953026-f1ce-4281-a076-9d65a0002603,2019-10-19,4083.42,0a97fc53-8ef1-4737-acd3-1ede1f3924fb
3d8c366d-8702-4a20-a5c8-9b51fb6fd22f,2020-02-24,6216.3,9205f9fb-67c5-453e-9aaf-8f99222a0910
6c617983-4404-4f73-b151-5f7ac7558861,2020-05-07,2063.71,a9132929-4d0e-4ec5-98b7-2e68ec8e14f9
babf9653-dae4-4e2a-9d39-83f9f1c5cba9,2020-09-15,1853.02,094b8856-31fd-4b8d-8cbf-c4456e79bdc4
67b61e48-6a7d-4ce6-9ae0-b8e72ae37a00,2020-04-08,4831.79,539d1a86-c2c4-48d2-bdab-34d78a387e1c
6c5b86f9-8cf6-497f-a94b-38c808d5f6c8,2020-09-14,301.52,3c5ca3a7-27e4-41f3-810e-f1b8c3de832e
3905bbb3-00d8-40e0-8995-31e73a7dad17,2019-10-18,2743.81,eda59044-fc90-4ab6-b24a-d80ba95ec3c7
8773f2b5-faeb-4e32-a422-4f3e8b9cb0de,2020-09-26,241.21,f71511c3-f5ac-49c8-a439-d8c9f88e68d5
c2cb2442-25a4-4330-a060-58d56caaaba3,2020-04-17,4343.46,0e53bf30-8361-4373-84f4-f7367dbfe88b
c656f13f-7ab4-4a73-8d95-9fe11834adce,2020-07-15,6051.17,6fcbb0cb-1415-42fe-8c83-ecdf6bcfe60e
3a920620-a47d-411b-959e-5980058c2abf,2020-03-02,6033.41,6b3d18d7-f5be-4bfe-a22b-a7be787d0602
dd072739-86ec-4e00-ac86-36781cbf555a,2020-06-05,7775.28,3032361e-3eeb-4806-8701-789b88041a47
1eb15b9d-8fbe-4742-8db9-ddc1982642e4,2020-07-11,5296.92,638ef75d-6375-4c93-802b-a3f419b05795
ccf1945d-e042-40f0-bbab-779e252c039b,2020-09-08,65.36,036217da-1862-4e52-994f-3138b7621da5
ee05e6e2-bec2-4baa-9d3e-f2f3a6846a9b,2020-04-21,5225.68,e03aedb5-b4de-48da-b63e-d003d807c8a8
94c23468-51df-40cb-89e8-5989d376a5e9,2019-10-21,3860.52,4bceb56d-be61-4602-9e53-5f2e4a1d46ea
f76bf753-d154-4b70-97e2-f6a0e6255e60,2020-05-30,1954.08,b9d8b673-dcbf-4b2d-8a9d-7ad461297c6e
71fcfabf-9a3b-448a-b519-d3d71f86ba01,2020-08-06,7853.83,9b3f5b33-d83d-49c2-b95b-41479c9a9e16
004d9479-e128-49f6-a2f4-4d59b1438ebf,2020-01-07,321.15,b6295cfb-8e76-4a36-a27a-bf0f8840d5b6
11dd67b8-3a4b-418a-a929-0fe0ee73cae0,2020-01-03,4333.56,edaad4c7-910b-4a53-a823-6b89b18e55de
b07e746b-2011-489c-8d99-1a4b084eb16c,2020-06-28,9325.78,cdc15335-30a7-4027-a584-24460c5a9a36
6a69ad42-7ed4-4b41-a719-bbfad8779648,2020-03-02,8575.92,d9c801c2-10fb-46a2-aa9d-a9cbd492529a
93796c92-b17f-4a20-b6cc-23cf0541d613,2020-04-04,6234.62,636d5f54-9624-4024-b8c6-b470f707150d
7bfabd99-fe1b-424b-a13a-1d4f3ba66697,2020-01-30,9723.02,ec62877a-c5e3-4d4a-b6cb-f4fa41c9a50d
bf50f0ba-a0dc-44d8-a5fa-98cb6776fe69,2019-10-30,4686.63,e191a76a-e806-4371-8356-8c6cfaa8497e
e6cfeaa5-cac0-468e-b13b-01d763b354a2,2020-02-27,4319.9,6851d065-84c9-4ff9-b887-9233b2f28376
79ffd2a1-d59e-47e3-a51f-d6443d4144f7,2019-12-23,5257.7,76365e97-d2a3-461c-9609-fbc89965a5e4
bb8b176c-ec4b-4ac3-8172-813bb1613018,2019-10-15,9429.63,4263de45-272a-4f90-b40f-b63a8891f7fa
fdfb180d-7c12-480d-a4d3-88d7950d65f4,2020-04-07,9550.26,95f87801-d244-484d-9e0d-121cde0d6414
5b8b4de6-0a5b-4bf5-8f19-06a9b85708c7,2020-04-07,2919.9,b30cf4aa-213a-4050-9e54-deeab4481735
c1dc9313-08ba-4b85-a4ff-4069da912f54,2020-04-01,1552.98,a8c330fb-83a4-41c2-aa32-1b2b60fe0b61
936097f0-f8f5-4a4a-ad63-82df92e3b97b,2020-04-09,1321.17,b3f46e3d-5dc1-4fa5-bb28-06ab4f37826e
b89be53d-7581-4f2c-8a61-b841271947c2,2020-07-25,7738.86,b033d5d6-0c8d-4195-aed9-c3c719da606e
832efad3-fb6e-410d-968a-02385e0638d2,2020-09-18,4039.35,f76a9495-b4ea-4a55-871c-95a8466cec6d
7a4f2d19-76c4-4332-8680-75d46adab5cd,2020-05-02,6047.61,a85037b4-6010-498f-8edc-a483604e405d
6f3b23f8-5821-4fcb-bfaa-3bd31d940d71,2020-03-30,9297.3,f951bb6b-4743-4b7f-90a5-6e407cd62d42
b3b4a0b1-c8fd-4051-8296-6d7a47e6c909,2020-02-02,5974.21,f42dbdf1-e635-46e5-96dd-91df2bb1bd18
02e29154-1f6e-4592-8af0-faffe30e4b74,2019-12-03,4625.05,7c0ea482-49ac-4998-9c8e-e2260fcbfbee
fe91833e-0348-4eee-bb0f-5700007696b1,2020-03-04,9851.71,0c8a3275-29d2-4fe9-ae89-8ede574ef7ac
20391098-8b61-45a8-a875-8e9ffa1e15b2,2020-01-18,651.48,b5e93c55-da27-4f1e-9a62-69e814091676
cc06f1e4-4b69-437a-be49-df72e0830a85,2020-04-08,3902.76,7fb57a76-8569-4303-b06e-611390baacba
9926edfa-e0fb-4582-9474-982c8b6c381c,2020-05-05,8456.28,6d439462-5f75-46ab-9ee4-f27040ded7ec
422a6514-a211-4e51-ae7b-d1e16180af44,2020-02-15,1351.06,7e80d71c-5f0a-4ff4-8bae-db8b0c66ffb6
a01d1260-bee6-448f-ae9e-f52125387175,2020-09-26,8232.89,c6400233-6b12-44a1-8f3c-945062653e64
2be66c9e-9e8b-44e7-8f56-390ceef88d77,2020-01-05,5239.28,c2ad47fd-9d8a-4a66-8099-642860ec595e
c39ba5ed-9379-4c2e-85f2-faf777494161,2019-10-19,8025.42,ed0c85fd-dbab-496b-b83d-f4498fbc11bf
400441b0-6116-4748-8622-0bbd0538143a,2020-07-27,4527.17,adb08142-6e9b-40e8-a4da-52863723d29f
d939aed4-8e9e-4536-8862-636b7e3e1026,2020-08-20,9103.17,f0ac8e36-39d0-43f1-af13-4130171083d1
23444625-d462-49e4-bd0e-8a44eee49256,2020-01-31,9487.33,905e86e5-d6bd-47c1-a8f8-6a0697e5418e
89479c57-842a-4f3f-adae-446fdae7e3b6,2019-12-26,244.68,facc1d31-ce3c-4065-acb9-ec22023cf888
7a6594d4-bf5d-4c90-9704-896d7ccbd295,2020-01-01,8203,b7e6a958-28b6-4298-862a-fefe077c28c7
9daab0a2-a356-42e5-9102-ce3ae3811a68,2019-10-07,1533.03,182afa6e-f07d-43ff-a30f-a027df1671ad
0220bbc3-4589-4565-9892-10ddc05b3404,2020-05-06,8172.15,d8d48c2f-021e-4a38-ab6b-448e56ca49dc
61ca6810-aac4-47f2-a856-10cba81ab43b,2020-06-17,894.84,3a439f45-65ce-4d31-bd37-128f45c42ed8
69e8cfaf-decd-49f0-9b95-4f45e2c20a89,2019-10-05,5995.84,4224cde6-c29b-473f-91b7-796df254ae61
d4ee3a76-99b2-418c-aa37-be22d7244aad,2020-07-20,357.2,f981ebad-a508-4d9c-bbf8-0090d83de29a
7a77fcde-2de5-40e5-b439-88b09349d6c6,2020-05-05,8666.18,5a6da992-9e81-412a-b119-3b09e5dd26d3
b99de80b-055a-427b-b7ec-2a68c71ebee4,2020-05-05,3452.86,e4963448-e1a5-4178-afde-3edc19cd3197
3cd27a02-b202-4520-88cb-dc9e9592cacc,2020-03-17,4309.31,bddc022b-c17e-40e3-86f7-de2ccb6a1c2d
ed89c97b-3a4e-40e1-ad6c-cade2d336677,2020-01-16,2031.29,1c10e888-b418-40f5-bc3e-8a42aedc24a2
d89954ed-16e4-4c1a-99f4-02c657a6f427,2020-01-30,6982.95,07f64ced-1046-46be-82e7-1c284b1b73f6
2faa7769-3ed5-45f1-8f4c-6fe2d9984de4,2020-09-19,7108.34,2ae841df-b70e-4cda-8c39-e16d522c0d9b
2169431b-f251-4a26-9401-f4b9f25a9160,2019-12-18,5124.08,e3c93184-df6a-4537-a00d-6b282c395738
6ccff6a7-1db8-4432-880b-f2e84cd80096,2020-02-03,1482.66,f2abb58a-2ef0-49a7-8bc5-4fcdf399d07e
20294149-ff97-41db-a4fd-5568828178f2,2020-08-26,6190.21,cf064c22-ac32-485f-9b7c-6396da49c271
c2decdc7-fcfa-414a-ab2a-2ba58d48f032,2020-02-13,2626.3,25d26ac0-8eb9-4e05-930f-f24a3d10edcd
b049a5c4-612c-4113-8bdf-5d60ea3b97d2,2020-08-29,3895.02,6f3188e6-e514-4a8e-a8c1-8b45a4a6dcdb
f3b4de80-7d82-46a4-b1df-29d3c32132ee,2020-06-04,3136.36,48b5cea7-eca2-4e59-abbb-43b5b3832d64
f9ad5ea8-ee33-4825-97e1-36f12c23edb5,2020-06-21,8703.74,fdbfb5f2-96e3-48ad-ba8e-963474f25d2d
2daa0d87-356e-44b3-b7f5-582cad97faa0,2020-06-24,9578.46,5d17e189-e41d-462c-bf3b-68ab9b7023d8
a8af1089-49d4-41f2-9ab8-49c4aed9bc1f,2020-05-09,5312.6,c678c0fe-9f02-4cf6-97cc-b5f8ed0c27c6
bdc5024a-d5ae-4c60-a059-0c109a56fa00,2020-01-06,2983.91,dbbd85f7-1f3c-4fab-a083-35ab64853012
001ac28b-bbb4-4953-9384-e2ee5cfd3180,2020-05-13,1191.48,9aef8a76-213e-41b8-832f-1276ae2d32cd
82bafea5-fc76-43e7-9959-126f4388eb1c,2020-09-15,3097.44,740a9c9b-6fdb-4c78-ac7b-24625610a56d
3c79e300-b7ee-4038-a3f7-9ca92e9dc4cf,2020-01-17,4885.76,c5ba5fa1-31f9-479a-b0d2-cc61080b71ea
9b811fd8-78f5-4ed7-be20-e33f92870829,2019-10-31,5893.19,202ee61c-966a-4a99-99d5-d77fa5a8a266
86831419-769a-467b-a300-b7ee08650e2e,2020-08-14,8978.19,50b3170f-12fd-495f-809e-d71ec34699ca
956f6820-df94-42ce-976b-cf5d2245ad12,2020-09-26,9851.16,9e36f087-110f-49db-945a-b569b1f995b6
7566ee1f-64c7-479f-82d0-ead3912dbc0d,2020-09-13,5137.74,162c3381-85a7-40dd-af10-47ec54f72c4c
6c350f83-b595-449c-b6fa-6339dedb2eda,2019-10-26,9719.54,dd1d8954-f33b-4569-b56d-c07d7be32d41
d02126bf-1680-4021-9876-8fae1c47b13b,2020-04-25,5714.34,e661eafc-d6a7-4670-9b0f-78e22b1a2bf1
374876f9-0f3d-4503-bcc1-2c63065f0020,2020-05-12,9478.12,ba3d86e8-3a17-4104-90b1-c1b2f0e4f864
af6fdad9-d09f-403d-bcbe-d036adb3587a,2020-07-30,8639.8,e9bf5264-c555-41a3-b923-a52321d31422
d232d08e-7df0-441c-a82d-919b7b869c96,2020-03-14,6725.27,cc224160-24fa-4696-a087-60eaffd40b79
c4e22cfe-edb0-416e-9717-1fdde9231be8,2020-01-29,4356.48,1db1e104-862c-439f-b878-60518e0c3cd2
e9b5e5e5-1cf3-4b83-a04a-bec2b289316c,2020-04-15,5840.67,84563ca5-154a-43e5-a103-682168f005b1
766ecc70-6b0e-4550-b61b-fb6d4f611be1,2019-10-31,3948.87,39432f15-aa22-45d3-9f34-ba501eea3101
ba6c5f3f-32ff-4935-92f4-75420f34c0a3,2019-11-13,3174.8,4e010648-834d-409f-a689-f0052e294a19
2b577ede-81ec-4565-bbcd-95c18f087250,2020-02-06,6624.57,b6cdf05d-2a86-4190-8020-6842a76c2197
b119e280-75c1-4a07-8ec7-3ec7f77fae35,2019-11-09,717.2,abb8d964-2d8e-42f9-886e-1c1fe1dc2bdd
686f488e-bf6c-4b8c-8d9b-905b91e3cd21,2019-12-31,5386.16,d4597a47-c4fd-4c21-bbb9-d8e6501a15e2
8dc6cfef-38ed-4edc-9c81-54578262fced,2020-05-30,3707.42,d05a5927-6ee5-4887-be17-d9a17954662f
9271dc5d-6fff-4a3d-b8b7-72131836d1b8,2020-02-03,3662.48,ff78b942-5a68-4173-8a9e-a89096ea81aa
8ef1292c-8f1d-499e-9938-67939be06446,2020-04-28,9077.38,9042da55-b3eb-4eec-9b28-58cdaeafad59
0561a556-d8aa-468e-a5e1-03949632120c,2019-12-19,2602.11,ca34d9eb-1233-4027-96a9-b7ec37b9c94c
1d1c1a04-a3de-406c-b186-916aa09924de,2020-08-29,3393.98,2cf482e2-edde-4591-8c4e-ad18429b5e23
6d5f2c4f-c87c-4f5d-8384-87aa7e4cb399,2020-02-27,1768.71,f4d2d162-bb1f-4221-8f33-06b38948ea17
02eff66d-aaba-4907-ae38-a00e3e9a2782,2020-06-11,3062.15,54e51166-0abb-47b4-8fe5-084f95d83a72
1828d623-934a-425b-896b-c03c99d05628,2020-02-09,5993.35,26ecf899-ca93-48c5-b0d2-c5f9fdf8795a
6df5ddbc-e471-4c7c-9cfe-50185e37bab6,2020-02-09,9592.68,7b9b8240-7395-4251-9906-436ed9577d08
cb97bd37-f8bb-47ee-9da0-92dc7b8cf406,2020-03-23,6390.39,95551846-9840-475f-8747-4a07cfee101b
5a02b086-73ec-4e0b-86f5-8280fea5585b,2020-09-27,2948.54,056f43a9-ddb5-46ba-a103-203c62ea8048
8b85c0a1-7c27-4c9d-a255-1d42c26c9575,2020-05-04,190.77,b639f191-b77a-4eb0-81a1-26250d8eba8c
62cd8557-b974-4701-92f5-f45b277bbd82,2020-06-22,9464.09,d7733f76-446e-4b66-b9b6-fc42b45e9e6b
5d8339d8-ec4d-49f2-a0e9-adb3fefc712b,2020-03-02,7395.62,44b783f4-28d1-433b-8965-7cfdb815503c
69342c68-3865-4af0-9c1e-37068c9da5f5,2019-12-06,2329.13,035bb054-caaa-4ac4-9929-4699a1dcfd13
b81fdb48-f552-416a-9893-f2ca8593d8a5,2019-12-16,2471.13,ecb5c6cc-57e7-4f74-9a69-b327091b2da4
aa0c773e-3010-4ffe-a37f-f4c8c22ab8d6,2020-03-17,6375.25,38419ced-9c0c-4011-b5f2-a730c19de738
41c67852-d48f-4486-936f-8bed64956bd5,2020-01-10,5636.77,0a299d75-9782-4a27-9937-a8391e7a0e1f
3a07b0e9-dbcd-462e-8c8a-3b37325f2882,2020-08-28,251.18,9a4cdcd1-b59a-4d1f-8528-1eb94b56f577
013d60c5-5f6a-40f5-8d86-22f9835cbd71,2020-05-25,5750.92,d0b960d5-f354-4c76-8786-716cbe25651c
34b2cf80-fa5d-432d-a5ed-dea75fd71726,2019-12-29,6305.87,e74719cd-4fd2-45ac-b149-d93f25a18cb8
129bf362-e04d-40a2-8d2f-421b0264bf8a,2019-11-05,890.8,204c4328-d51f-41df-9863-5238a6ee3570
d616adcc-78d0-439c-b17a-5c32383711db,2019-11-24,7042.84,354527cd-f8a1-4aa4-9c3f-e9de01c8135e
c87a928e-019e-412d-810e-ba1f0df84542,2019-12-30,931.83,e4c4fa29-0f18-4e3a-8893-73b5d3726c19
0902ddda-8e71-4a83-856d-ebcca061d572,2020-01-15,6725.35,6aecfc12-019b-40fd-992d-8e6280bedeee
ba2f600f-cfa6-43db-8065-dd5bbc5e10fc,2020-09-03,7015.31,8cf48d8e-ddf9-4841-a69c-7ca209b0e1df
e06657b0-a1b3-40ae-853c-56127c601b96,2020-03-30,4607.38,5442071d-a458-4494-9b3b-77f8e27d496b
f4494627-92d3-4e16-bae3-f993437596fc,2019-11-13,9294.6,d347fcc4-39e4-4969-8ce2-646ef08e3600
a023428f-08ab-4673-a831-82f064f7f191,2020-09-03,625.89,6bc7a885-364b-43ea-bc64-9f210fdee8ca
b95b0485-26dd-4e9c-bdb0-476c2be736ea,2020-04-09,773.68,31e61bba-3e39-4e5d-b8c7-894909210396
3a0838b4-924e-4fd7-bfd6-dfb3acdf7b09,2020-05-26,8384.72,c65c01d7-308f-4976-a2f8-a5888a37fd35
595d9699-3cef-4ca1-936d-b747c956d9a7,2020-09-18,5183.85,c018befb-07a1-4a46-83a5-e254e66ffab4
fe868318-a6f3-4c34-851f-10a9be685007,2020-09-24,498.87,e5378656-b7e9-435a-adba-23d9b6d6f831
be7c0a5f-fcbb-48c6-8e14-657e3eeff746,2020-05-12,4627.71,95526d2b-20c7-41a1-885a-bb78a620226f
dd9dd4a3-948a-4e45-aa50-e3ef837d64f1,2020-09-05,7731.26,b7435571-739a-4399-a303-d3668408fbe4
e3568b15-eec3-48d9-9dd6-c50835b49a23,2019-12-22,1587.26,b38fafa2-7270-4890-8523-b1c21b920537
9c2b0115-2c2e-405f-be86-0f585339e1fe,2020-06-05,8134.87,5737030a-7677-41fe-8d47-77be959882a1
0f41a55c-cfb2-4780-9361-70a89da6e867,2020-05-23,2042.31,74cb75d8-8879-41b3-98f4-172aac49617c
c25454f2-3983-4e70-b8a7-1e66291a5dfd,2020-09-20,9086.21,3d217d3f-5199-4194-8ad4-230631e67e89
2e56b72b-ef0d-45d2-a754-b51b942fcff7,2019-10-22,2230.02,9b9f1b4b-a5ca-44e1-a842-ccfd1d44386d
e42ca009-6313-4b0d-b73b-02a04275a500,2019-11-17,6961.44,393fb1bb-949e-4a8d-8791-6918998a9abb
68d982fb-a166-4043-bccd-c26fcb354992,2019-11-19,5804.91,7863ab24-648d-47ec-b243-cf582e989594
99165575-59f0-411c-b4fc-683a0cbadd7f,2019-11-04,6191.91,b3c14c7e-a8e1-4766-a9d7-2c43c3a4c260
8540eb3a-51ca-4328-b194-55eace86777c,2020-08-24,8946.9,5d5c67f9-4cb0-436f-9310-d184833e7049
f3262936-8ccb-47ad-9127-719bff861a81,2020-06-22,9711.6,389b5f44-90f6-4635-9aae-a34f045dc81c
3c5b5267-184b-4a34-aeb3-7dbaa558115f,2020-03-22,6809.32,dddab190-d5fb-487b-88d2-0e29579f71c6
98a6de0c-58cc-4683-98ac-825e4eed0abb,2020-07-28,8966.84,f0526b83-925b-4e53-974a-f6811224945c
10a0fa62-1315-4b91-b6f0-75ea0ecf27bf,2020-03-28,5600.48,6f7c934d-7221-456f-b42d-d937bcda99b6
617acfaf-9e5c-4cf7-99b7-874aafbc0709,2020-04-28,2979.8,0c54e045-bde5-4317-81c9-456a3f917fa0
9ce53c06-0f58-437d-81d7-0e81087559a9,2019-10-08,4.94,1f3e6e7a-2818-4434-a304-4634f2873374
008d9f15-25ea-4969-924a-0af39c1c5d95,2019-11-02,1984.86,8a80c8d8-dfb2-4632-922d-b6439fbd7f8a
0e0f4771-2fe2-43e6-bb98-bf97b056416d,2019-11-08,9741.06,1ccea96d-8b35-4100-bd9e-6ec9569e2110
9fe04db9-d35c-4bbe-927d-8b905ba59511,2020-02-02,8746.28,17a234b5-0fa8-4a73-88eb-134eb6d1db37
a73fd30d-c5c8-4b9d-8032-a30072c0ba98,2019-11-05,2300.22,09bb4c76-aeaf-47cf-ab7e-f612b53c2e1a
2da17a99-f343-486b-812f-d1e4845026e2,2020-09-11,5453.88,91fbe6c3-7166-49df-aee3-cf2517459e4e
bbeaad69-7db3-45ed-9823-3b9e989fdbe3,2020-07-23,826.63,9976cd2f-9266-463d-af99-29e2a8fcc436
b4a8a51c-a8fa-43ee-9c00-eadc39852d77,2020-03-30,5584.94,e0659220-b64d-477f-af33-c9486bbf8369
e8a3674c-6904-4ae3-aec8-a01f85694623,2020-06-02,998.3,95b4da27-ad03-4e76-8a98-90ef80c6f29f
c42ead32-4797-4ad9-be81-fcf61dd321b8,2020-01-20,1174.11,423ceb90-72d4-4939-96fa-9ac10d62159f
09c8d308-a1a6-474d-800d-c7273ce5ab82,2020-04-20,9022.33,65c3a56c-5eda-434f-8f17-b82ec71220bb
78a575c1-b309-42fd-b976-2299923538d7,2020-09-12,8582.48,65db8769-f727-4db8-87e4-b61562b3e83c
145af15f-9ab2-460e-9113-988182212d41,2020-03-15,8320.81,7046ad0f-8fb8-46d4-9784-d998926929d6
f35be53a-f2bc-4907-a688-42d246ff841c,2020-09-05,721.25,2f55b51e-7241-4cf7-a8df-e27c2ea99bcf
3ee6404f-a979-42b5-abf5-75fd77671d15,2020-09-12,8266.53,24de9f59-f461-4293-b7aa-a18f488480e9
79a9a6c7-2624-49f9-85f3-3cfbd8f1b69b,2020-09-22,8872.43,c54b9a1d-96dd-4134-9165-a0f85692b91a
359dfec3-bf03-4f0b-b7bd-08edd42c9559,2020-06-19,1492.21,2cf2a4d1-9e73-4a37-bffb-138557e5b2ad
32d9f7ad-8255-4ea3-a05f-fcb7b5b255a4,2020-05-20,5028.47,ab7a99d6-f359-4d33-a917-eef0f45da4e4
d8fe1750-b78c-4086-84c0-ca9c2e83c53c,2019-12-12,6184.64,acab24de-6188-411e-908f-e9bfb5e267e8
34fc7cad-0cf9-4675-a181-61ac0ca73899,2019-12-27,4068.54,225115f5-1bd6-4810-9519-7ec238da6b5f
28e4dd58-a8cf-4bc1-abc3-7a45660c3898,2020-08-28,8794.72,36d44e8c-c731-4c86-a33a-a41f9f683994
c9bfcbff-9eb9-4d2c-8f7b-fccc60dde235,2020-04-07,168.56,ae8c3a67-1e2b-43da-89b9-17db2c2c0868
15fe480f-6aad-427a-b0bc-818da57e6830,2020-06-22,5404.72,74f73ec4-fb0a-473a-b33a-54530c2943ec
d0225611-76d6-4c36-a03d-265e8f21e8fc,2020-01-22,3267.43,23f2bb63-4d8b-4047-82a9-797ecca29467
dedc9481-757a-41c7-8621-89847e51a99a,2020-09-05,7311.3,fe2f3346-440a-4f3f-beba-a04010bc2b09
caaab4b3-801c-40f7-9c0d-e2b60c70c241,2020-06-29,1461.23,5e6e10a7-7987-4a75-8d7a-0c4acf390f11
bb97dc66-80d5-4c8b-aca5-cf6038d10a33,2020-02-21,3300.27,734f06ee-95ee-41f8-9d4d-834a349cd0eb
854e28b0-ab13-46c6-8f97-f190153fdf00,2019-10-25,9950.78,cf6065a4-0daa-42fd-a794-42dd5e7b7461
8844a5dc-7d96-4ba0-bc89-c8b02a88ab8f,2020-06-30,5926.73,d5967828-0cf7-46c3-a37b-212ce4da36f1
23cce2fa-8e7c-403f-9f93-b478d6f126b5,2019-12-29,6380.86,2c094102-347e-4b0a-b110-84f9ab35046b
4f1607e9-b1d7-47c9-8d8a-08f5c34ee86e,2020-03-03,7888.05,4eca4c8f-595f-4fbc-a3ad-4d5f7a23d6f9
5e9a1472-dd88-45e5-8973-dcbe7def022e,2020-03-16,8089.45,11eba8b0-19ec-4d99-8d0f-3db973dad283
2d017788-9958-4484-8d42-d2a6a4207d12,2020-04-12,2163.54,f0be25f1-4dae-421c-8395-ab2afafd0d4a
81164efa-f192-453f-b406-f6becd9bd681,2019-11-16,5663.86,c36126aa-cce9-4827-935e-d194a2320e50
e2fefa77-390d-453e-ba37-28cfbbbb1e23,2020-02-10,6510.01,2871e4b0-a359-4583-8879-27cc7afa52fd
ee8b2545-54f4-4797-a02a-4804855d83f2,2020-08-10,2975.96,c35028ab-a6ca-413c-986e-04d38fe7386d
2ed4a533-67a3-4233-987a-9fd96f080797,2019-12-03,7374.23,be8ee26d-3c0c-446a-93ec-2b8e79ca9e4f
0cc2f14d-077b-4a87-a59f-521c82a3d1c4,2019-11-04,7856.95,ddfecc68-a1e8-4397-8adb-090f71c72a23
02892998-d3dd-4c8d-8181-5b23e54495b8,2020-07-28,3481.45,4f5740c6-a0a4-449b-885d-56a940d0ed87
df78c3ac-daec-49d1-b618-e4e83f6ba975,2019-10-16,8815.15,221be2f5-88c4-4cb8-8546-6d90bb9096d1
7d86eaa0-0283-462c-84fe-1fa6d741ff6a,2019-11-06,3925.17,b9603e37-2fe5-47ca-8c4c-36b03e6e047d
e0c691c4-ee64-486f-9d64-bc460cf9cfaa,2020-08-14,7945.28,e7588b4d-4f41-42df-8163-47787df972a2
907f491c-4345-41ef-abb5-f199e8ff9cba,2020-02-22,1929.38,f2a06a65-4e76-477b-9e24-2f5e7684e7ed
c2589539-797d-4f60-9848-f0a3caf8cb22,2020-03-20,9229.23,892faa3c-f05c-445b-aa09-85be40d97999
564c7a89-624d-48f9-ac3b-fe2dcba4b9ba,2020-05-29,7911.96,2839ca65-da93-43b3-a19d-3883f9378721
e85df488-6415-44e9-86db-b6bc91973a8e,2019-12-18,9616.52,61268d44-a229-4410-ac2b-609146c6a92c
c737b303-c4ff-46c7-ad89-a482e41654a7,2020-09-17,7670.27,594ed182-dca4-4eed-9d02-91791aee2259
8f57f35d-f086-4451-80cd-0a2c8f4f8ee8,2020-04-30,9069.44,bfb87160-ae7c-4912-adca-9fa441df6c36
7db7b11f-4852-420d-83d9-8360e4d605be,2020-09-04,7325.83,694f1155-c313-43da-bb67-d1ff3a6781b0
78f9636f-5065-4512-96ec-798d30f96bd7,2020-04-09,9573.04,89bed7be-2b14-4693-9770-fd40b77b1102
1be5ef43-6696-424e-bcf2-8c32374f9ee8,2020-03-18,2739.87,5c14792d-79a3-4e51-981d-34151dd58660
cdfcd296-47a9-4b00-9b75-eaf04e3d2c8e,2020-02-09,6100.42,83a5a6b5-0dd9-49c9-b192-3abadb3ded24
e1ef3052-6cf1-42e6-b265-01257c24f325,2020-08-25,740.38,2fc0b960-b1d3-4b4d-a887-f1f601502146
a163259a-e36e-4508-a1c0-93f715d00a78,2019-12-13,4566.91,095769d0-29d6-44de-a18b-a0ee40838b74
6d09e3c6-891b-4208-89fc-4b8051a37e45,2020-03-22,9172.42,cd558954-8536-409d-be13-93bc1a6c3d1e
98d59986-b7d4-490a-bb38-339107fa7b23,2019-11-29,4353.47,ebf9f48d-8424-4a4b-9c80-3751a926c8b6
44196b5d-5d2d-43f4-9f0a-6dee4278de5b,2020-07-02,1251.52,5997ac9e-78dd-492c-8215-02b7b9c2c5a2
41a68b84-4b81-4420-bdbd-97cb16cda205,2020-04-10,2914.4,dfcb8424-58ad-430a-9b4d-50680133419b
20a5178a-eb19-4bb6-a52c-910b7f772c77,2019-10-18,8913.96,087797f5-8ace-4f47-9ab8-827663e98f49
ad8ed074-5097-4767-b284-df4ac5441cc2,2020-09-08,3865.23,f387627e-ae8c-4437-93c6-0cb3e9063e0a
da4997ac-cb9b-4eab-a696-e8c923547cbb,2020-05-21,2308.9,235a5008-8e41-4fe2-aeb6-aa067eb389e0
ebea1cec-4525-45d8-a93c-3af70085d5fd,2019-11-19,9454.9,406c16a5-a9ec-4111-8d07-8d22d7ec7d64
20554910-5f99-4d9a-b814-9ace92c9f636,2020-09-09,6331.23,b67aa023-556b-49b2-bcc8-fd1431c62e7e
94e72b60-e212-48a5-bcb5-2f943de60524,2020-05-24,6319.85,e9501b1f-6701-43a6-b6d9-b614a373c33b
f44a3d02-484c-4cd8-9437-3c6ebb0d4e46,2019-12-04,1596.4,4763734e-58dd-45ea-88ce-9b4b6e6303fc
846d82cf-cc9d-433f-8259-00f01dafec85,2020-06-28,343.07,4374444b-3b86-4702-b99b-6a3f463be64d
71833076-34d5-4fa1-b3f5-d040a7f05400,2020-02-26,8250.5,bfa294e5-9237-4a3e-b803-19a70503a871
02ef554a-e561-46f9-9d82-a705dddcde24,2020-07-07,190.6,23ca6379-44a3-404d-aead-e2dd22a8ce11
c2e25f8c-006d-46bc-a351-47373624eb2e,2019-10-04,6869.16,a9e3d75f-8fd2-4609-b578-69c04aa21350
5285e262-dbbd-4f69-9ab8-7155582d47b9,2019-12-31,2130.53,c78b47cf-0bcb-4778-bb1c-a17176a445b4
6d4a9433-c5f9-46ba-af84-0399283d0c20,2020-03-01,4676.35,8facb857-9ac2-425b-88f4-aecc73c3959e
3ff1c16f-f452-41dd-a4a5-de54185f2efb,2019-11-17,6620.99,5cf8699d-a783-4693-9c84-f2f322dba90e
32b4c4df-0523-4e44-a5e6-5198bb52f2f5,2020-09-04,2948.3,3421c493-d898-4020-a5e3-a808a1c055a6
f9695cda-6a36-4357-93b9-af222a60144d,2020-01-23,8989.68,dbf3025d-3236-43be-9038-47a7846aac22
8366a95b-abc7-4656-8805-0a6683e73258,2020-05-16,5256.81,0f045544-bcf5-475d-8d43-f6a93a78c690
9d028d4c-6ac8-4e54-84a5-d55d87ef4cb0,2020-04-12,1470.54,4e6d0f51-6a03-4260-bdca-f7e9d74249b5
77a49059-2fbb-4870-8477-b8e65adac226,2020-01-15,6441.78,7da14ad3-184f-47ec-b1da-2436e8d66fa4
2ea0a45f-b1b4-4672-a61f-063276ce8026,2020-03-04,2117.8,ac613bc4-e991-46de-825c-667aaebc4e50
95a91fe5-1968-49f9-a18b-3ff7c0b40cb3,2020-01-02,7934.01,7a20288e-670d-48e3-aa71-cd025ba834a0
2248321c-5397-4dcd-b1f1-fddc177ca46b,2019-12-14,5293.97,644d1545-a63a-4193-9c53-48a88cae5729
215e1e50-37ef-4d0b-ae46-3186474b01d8,2019-11-27,2708.94,8e41fa73-15c7-4121-a1a7-c2d57d1a7cfc
a6ad7886-ed0d-45dd-a4cd-c8f879b4db27,2019-10-25,9235.89,19a1e6b2-7444-4ceb-98b0-2a35a903206f
fb354486-7705-4b1c-821d-1e2b75d4054e,2019-12-21,1093.94,fe377754-923d-4123-a9e5-016868200d0d
ab7ae455-2db9-4e27-80f9-066c46c8ba9e,2019-10-16,4254.44,56a219cc-2593-469e-aceb-4b7a6f2b39e4
aab4e8c9-caed-4d4a-92b0-e18811119880,2020-03-13,6272.8,848e8ce5-14a6-438e-973f-85a1c22ac5bf
ed7a8759-d21a-4a3c-8314-3fa9e7b3a90c,2019-12-05,8908.77,2cdab557-222e-49c2-a9a8-613027d450c6
c460819d-0f6d-4006-ae37-7b2fc5fdc283,2020-02-26,7602.81,77e8a2b6-d844-469d-bf83-eee2db2a3e23
9add9b66-a10f-460f-8ff1-30373f101a8e,2020-09-24,6583.42,0b493b7f-881f-440b-8b7a-e4507a1a80f2
c3e37d6e-8809-431f-9120-9ac8a9f9ec75,2020-05-11,2650.43,c9572f19-323b-4997-8723-4be47dd96f6f
c0796764-2bb2-4615-994b-6aa3e1c712d5,2019-10-30,9163.5,db48ff4f-bc00-428f-a3d4-56d64c0ba3bf
1d129f54-2256-4a3b-aefe-7cc47b398ffe,2020-09-08,35.72,ddb79f34-e7f7-4c1e-a652-539c13cceb32
eebec8f1-1273-4c66-901f-e4f811754abf,2020-09-21,9221.29,fad1098e-5c23-482d-88d8-461b5417518f
a67ee36c-5c60-4f7e-8446-918d2ff42e60,2019-12-02,8392.74,1a00d4d5-2bcc-44d3-9220-f7603be32c65
884f9fd3-dde8-4c7d-96ef-6eec5326cfd0,2020-04-16,4745.73,0e1bab43-4eea-4978-8f84-c25e2b34360e
bd950fa4-2a81-4280-9804-8490be377239,2019-11-03,3731.59,ba00b629-8125-4cc5-931a-daddc3ee6a76
60c857ab-2129-457b-8474-e8a20175a786,2019-11-19,7019.19,0396f1fc-e98e-483a-8bf2-fce953f1f2a2
d711fed2-5fe8-4e26-8b4b-c58b52d3635e,2020-01-22,2573.1,9a102f95-4d19-43bc-b264-3edeeba10297
2082994a-ee96-4692-9778-d17c49dc71ff,2020-06-07,176.93,2c060365-ff48-4c65-9f66-9a122822be93
478e3b3b-bbcc-4311-9255-86da0fafee39,2020-01-15,4954.3,5e8e2e84-a918-450b-8a00-0443500f2f26
37788942-1010-4766-8c06-6d593528aa48,2020-05-13,741.53,35e9e537-7ec4-406b-9d03-69da4603ef3a
4315259a-eac2-4d08-bfc5-2e3a89694f60,2020-02-12,7066.26,043ecd6b-dfac-4ede-8441-f8db1fe39c0f
b4498049-115b-43f6-abd9-aa5183d4a79a,2020-09-11,7324.97,f9fe39fa-8cd3-4425-9f88-a3f9865e1cf2
8dfc5ffd-2e42-4414-8249-fbdfd1e0cb1f,2020-04-30,2331.93,e3838ea0-8c61-4ee0-9abc-a6dafdc56bd8
742f0cbb-e3cc-47e2-a22a-bf05b7bee189,2020-02-02,2511.76,aeb161aa-6936-4529-afd8-4ddaed4b9641
70745aea-fd09-4cbf-a411-3c033be294e6,2020-05-07,2861.12,899ba8e7-e012-4be9-b803-842316b4e559
ded478ca-a5e9-4c7e-886e-b8c38dc78658,2020-03-15,7473.56,d22a2a4c-a12c-4b3b-92c3-e1ecc72db606
e39d94c5-4816-43ef-91f5-46e201b69001,2019-12-29,4672.28,f410037c-2bcc-40ea-8d99-46b06cf05473
faa373a8-1b96-4780-bc1d-4b870a388012,2020-09-13,4356.51,d0220843-6931-4d0d-99a1-d2df33cdd5da
f1dfaa23-8e46-40dd-9aa0-08fe0ede59ba,2020-03-13,7196.14,ac3bfbc8-45b0-4a25-a7d0-a0ab7b97d817
5af63757-72da-44ae-809d-7a65df3ed4de,2019-12-14,9143.42,b3fd21bc-abb4-4631-949c-25dc3df65b31
bd07c8f7-d227-4b3a-9b71-7c1b2df95d4c,2019-11-17,198.21,7bdc482d-0aa8-4e10-bc2c-356c686723b0
10301a1f-86aa-48be-a36d-9975396e2652,2019-12-22,5858.95,8b989100-d00b-4e52-b6c1-8c95edd72957
f8b40167-e19d-4059-8638-818f5eede91a,2020-02-20,5302.27,b9325f3c-1750-4f01-9f74-fd4d2c822098
49b75c5d-acd8-445a-b071-5cd00f5d0a4e,2020-01-13,1580.77,36c7c9a3-973a-41dc-ad63-4c26d0b116e1
e4c48ca5-3376-473f-a081-e9b5d25374cf,2019-11-12,1075.8,671b6b1f-4c86-4267-bcc5-6ea546585ad1
721a47d8-a98b-4b78-8513-8a37d35a9c3f,2020-03-28,633.59,a85973dc-067c-48ec-9bb7-26770a3c52e6
0d79a92b-b7e6-4105-96ab-5f8dd66628eb,2020-01-21,3009.38,4751e0f9-fed0-4ffb-a0b9-ba4c02743099
5cbf8582-1292-4fb3-a723-70c11b602775,2019-10-28,1688.25,2887c1f1-0258-40fd-bfb7-735396794b3f
0498d98d-4469-46ec-b8da-8db92b39c5a9,2020-04-15,8531.14,7cad5654-8bdd-4c6d-9de6-7668cb0131b5
3de3a5e6-aa2a-4663-af6a-d6b4bc16084b,2020-06-14,980.23,5bf76ca9-454f-427d-80fc-65ed4f7f9e51
c3303d5d-4c18-4496-b3a4-8753c7a7a1b0,2020-06-23,4747.2,ed479aae-34b9-4c2d-8c89-cd86c7800aaf
036c8747-f0f6-42f4-aeeb-a41c2a1a6fe0,2020-02-05,472.15,5b5c1817-53f1-4488-8afd-435b53535b1c
b9df3f73-0f88-4b30-95a4-8dc684c4b7a7,2020-02-07,2531.27,5e552e81-d076-401f-89dd-4bc5dbdcd97c
ae78f94c-78ec-4d48-9794-de550f0180e3,2019-10-16,7496.82,518e9b95-c956-4c96-b95e-2e9e7ae59519
b4bd0d60-c673-4494-b56e-cd0bdfdaf4cd,2020-08-11,7900.69,f9ea80c2-53d8-4bc3-9b65-c90f06e918f1
d78e712a-82fc-46bb-9b96-3cc25775902a,2020-07-31,2419.83,caeb228a-ac1f-4341-89dd-e3a522399791
570c3611-c506-4295-a1b3-6a367c68e6ec,2019-11-02,4106.04,f2b6b163-cc7f-423c-b8c8-1fac93cb1436
f2aaf0c4-1a5a-451a-9543-1e95cc371ef5,2019-10-15,2086.49,15976f60-e295-4bf1-838f-7f3ad869a8f1
5f0c410c-001a-4959-99cd-c2fb3eb11005,2019-11-29,577.53,1514ac2e-dd3d-4da6-94c9-638583fce6e1
67136f69-f4ff-460e-a2d8-484a91f62755,2020-01-22,6262.07,04a5ae15-909e-4943-af3f-79c78a8f1b2d
a1a3e24f-c3fc-44c7-81d6-996ca97efcd2,2020-08-02,8899.55,b20230cb-58e0-4326-a7b5-074eac41e90b
07097b85-ed85-407d-b6f9-7afe62437efd,2019-11-11,2180.68,5c6454dd-8ea7-4d9a-854c-67c4fa03e9a9
73b8ff59-5082-4e58-b57c-c84273f0e929,2019-11-06,8616.25,e53064b2-b58c-460b-ab69-bc976556fb98
6ea123e0-836c-4007-a34a-8545ef998410,2020-03-21,379.37,06e25210-2c84-47fd-bcfc-d81d19c71596
83b8843b-5274-4b52-9887-fc4484ff14f2,2020-07-07,3233.83,cbcc9836-fe48-4390-b3aa-bc7cdd399b5a
fc59f242-41d3-479c-a86f-3161b8dd8948,2020-02-19,185.41,0f3e086b-d4da-4169-8a1a-d2635f95a85e
d05b0f69-ff04-4e9a-9c32-1f51a79a022c,2019-11-12,1490.51,6dcf21b8-a0bb-414a-870b-e7db7b6e26b9
65616dd3-6732-4447-98a3-70170182fd23,2019-12-18,1156.01,f082e430-aa49-4cb0-af6d-86a12e22e0ed
ab985502-a182-4e0c-bb54-6539aacc140e,2020-02-13,4954.85,55f10c28-ac6f-4170-ad24-d593a825d0be
66baf520-712c-4139-a84b-8e972a17a2a1,2020-06-23,6529.42,c5e81065-3768-41aa-b693-962c59ecd303
bc6d42f6-ced8-4a41-b0e5-a18a5f1d19a4,2020-08-14,7126.97,ffc83e5b-4491-4ef3-b5b2-502ab45a289c
e0b3fd33-0850-48ba-be3e-8d3f84a40c56,2020-03-14,4226.63,67f64c7c-b0ab-4d92-a4b1-d7bd21c7029d
3e3e14d7-0f9b-41bf-a679-c359fa74ad65,2020-02-11,3572.67,64fe3b13-99f5-45d5-9fa7-1cc8b8a068a2
c4d90d99-871d-41db-8a79-cf7078ac0432,2020-05-21,2895.25,34a82524-6f21-45b5-86b8-16dd4e64feed
ef4d4e8c-fa7a-4d2b-b624-329aff2d149e,2020-05-11,4941.21,f65f5c3a-d57a-4ff1-a9e3-fac523c4ee21
b50c3bb2-087a-49a9-a291-ff5d8f4a762a,2020-08-22,4831.97,5ff65edc-912e-48b4-87df-d533b2063cbe
9715a4b9-b601-4b96-b0a5-48962b842ea6,2020-04-11,9461.22,52588dda-368b-4315-b9de-fe5515a8242d
ccf04597-177b-4d8c-9051-a0c27dd06d48,2020-05-31,4480.97,707b85d8-eb03-44bd-8542-fcd62d81ee66
1df5d4c1-f18b-48b4-8242-54c1a1a1abba,2020-06-24,9545.18,ed893bab-c3b0-42b2-b7a6-1f7b80b0277b
6295ecf2-fa86-47ab-a1c2-b862f55869ee,2020-08-25,5743.35,59ef200c-4ba3-4ab6-b3d2-34265f80262c
e6f5caae-6028-470f-8faa-08bc2f7a157f,2020-04-13,9741.05,43b7c89f-0d4b-49f8-8b14-d9e7312b913d
8a2c2a79-58f3-4a02-9b80-673d8bf90d53,2020-08-27,4230.79,40516817-0fca-439e-af65-875a0c710117
37a7a18d-471e-43f6-84c6-195d1dc1c629,2019-10-25,6594.35,7a3624ab-d8af-4d6a-b51e-6807c73065b3
1230471c-d290-475f-8534-643d96911760,2020-08-08,7403.15,66cd33b1-cd11-4892-88e2-75b41b2765f1
8a16cf82-04bc-44ae-a196-58712be8044d,2019-11-15,2456.76,ef3d5f43-38a7-4ad2-b6d5-7208971d5d64
0c04387c-c8fd-422d-a9ca-16812b096070,2020-05-13,8511.63,84977c2d-3e80-496d-bd0a-a2b3690984c3
a44ae819-269b-4345-aaa7-e05daa9c6763,2020-09-11,8216.38,a66d3e25-45bb-4a91-b684-9e7ea42949e3
7fe76f86-24f6-4e9f-8874-08f8aeba29b0,2020-08-10,558.94,75b99a7a-1a1a-4264-86db-9f1083e58734
7d6ee850-56dc-4a07-9ec3-ea5e1b4ecb86,2020-08-10,3570.55,86a458e8-afc4-49db-95be-ea0799a9fc84
ebd60098-7ccb-4248-8e69-fd9fe6b11e67,2020-04-24,7666.77,743cb7ac-c59a-48b6-88fc-3d6667cfbfc7
3865227a-69ef-4187-925f-ef5e877a079d,2020-04-26,2195.91,f4ab5540-c48e-4f9d-b00b-e65ad4722ee3
11861c7d-61b2-4cef-af26-e3b2969e7042,2020-02-02,8509.53,bb289abf-9376-471a-87f0-a66d4472008d
839be1eb-3ef8-43f9-a0e2-3cccb31c755c,2020-08-10,2431.67,ef6d533a-72b8-4e27-8880-ddaf07ad58d9
b32ec26d-82a6-4933-8279-046e864d8bea,2020-05-14,7983.16,a72ae6e6-9557-4b98-8f2b-095c5117a477
53b63508-69c6-4495-8866-3f9302f30c54,2020-06-17,6489.07,51b5e188-6dbb-4ada-8c87-9bdd840e1133
5e00855e-6942-48c7-b391-c24d25deb352,2020-05-05,7902.82,27fabfc3-b812-4032-871e-e19c83fb0f93
7e6bbdf5-669c-4b0e-b83a-32851301bb99,2020-08-17,2292.45,04f554cb-2450-4565-874e-27f5bc1c8bb2
04415ff4-40a9-45b1-9b59-d404c021e5de,2020-07-10,8847.72,c199d236-630d-49f4-8665-44d52fe507dc
02f17c95-7a3f-4c0e-b080-ec9e92af35c5,2020-07-14,2207.34,f29526cf-f75a-4082-b678-95b0083bd2cb
a2a38154-64f7-4493-8ab0-6a5a2e5ab708,2020-05-23,1846.88,f13a012e-9951-4f8c-9301-1a57f8451405
6d21aebc-4521-4cfe-8e28-1211aa6f6e0a,2019-11-14,306.3,5f40596c-1624-4904-9744-c9e1496f64db
742d4074-128f-4715-bc01-e81c6f81612d,2020-05-16,9289.03,af6e0dec-5fa2-4ef8-b595-a675921a61c8
a3886dbf-e8f3-44cf-a394-f03fd347ba71,2020-05-06,457.03,8fa5fc6d-ccae-47e0-b584-b9226ccbf7b3
dd812f72-fb10-479b-8a77-c9a4245e5bfd,2020-06-04,4436.42,191701c5-e669-4fd0-bb11-4ab6b4fef75b
a901e4b4-5580-498e-8c85-b707c6d0056e,2019-12-07,1864.86,f9b14340-0b2a-4618-8f1e-8b55690f7ae0
f3d533c0-43fc-44d9-b075-88f44e3da994,2020-01-21,1386.37,e03702a7-34df-47b5-b536-e8104ec322d7
9e1c137f-7be4-4b49-baeb-b0a865f78531,2019-11-25,5020.34,9c48f490-3a40-47e6-870b-c91c70348019
3d74476c-1912-45d4-b45a-fed54a59f9fa,2020-05-03,4345.21,30de0918-7ddc-4f27-9c20-eeca2fa0f7ac
f5af8d9a-415f-40ef-8de7-1d1a032be199,2020-03-04,1052.53,3692d3dd-e616-4cf0-a62a-81605c8500b5
7f0c6ed6-d6fd-40fe-991e-549d369f4379,2019-12-21,4392.7,dcac0096-8191-419d-9001-37b314a764ba
aa4f97f4-4426-434c-aaf8-4588cc3a8ff0,2020-04-06,5478.44,90605bfc-d225-48f3-95a2-69e58dd9cec7
1bcedaf5-d93e-4b2d-a7b7-17065d4bb325,2020-08-08,8628.88,c5509cee-b0b0-49fc-b36a-4c9bb2165187
15e2afcd-0975-4056-9629-f9a127a33373,2019-10-01,7914.1,0a67d4d6-50c4-47b2-8e45-76fadae604ed
fb971049-420b-42f5-b910-d0d56a4f21dd,2020-07-10,2228.65,9a7e57f4-9aec-42df-beda-00110c0eb607
0dcbb676-df01-4d6e-9194-16fef9bfa9eb,2020-02-16,6987.85,c3890f65-e88f-4fe4-b123-163f4991f621
1ec5ac7a-5262-4d9c-a2f5-54554339786d,2020-04-20,1248.39,819f7933-aedf-4f09-b3df-1eb2940664fd
3905cbe6-172c-4524-a4e9-a74fa27ae0e2,2020-01-29,2832.34,86171927-ea5d-4608-b74d-15949b7740b4
1bfc3bb4-7adf-446e-83a1-e70adfc5abd4,2019-12-10,7550.56,7b76d6c3-2093-4ad5-983b-cf3e41856708
bb882b33-a4f2-4be3-8026-b0f48db297c9,2020-02-04,8843.39,117e01d9-29cf-435c-bbfb-589f7ffa06e9
b43b7886-50fa-4094-95ca-a919ca95ee30,2020-06-17,9273.87,598548d8-79f2-4275-9e79-6ed13822b77a
49ef5424-1a4c-42b6-9c63-d3338145bf5f,2020-02-29,8226.06,d235db53-8807-4771-91d3-4ec3cf7991f8
d7cdd395-8a49-44a6-b15a-1b83053ea208,2019-12-08,7855.06,4151f25e-acf6-4ecd-bd36-e692922b9bea
76afef3e-e883-480b-b55a-dcf03a8ace6e,2019-11-21,3280.55,8ac1942c-6224-4d2c-9d52-e449a21b71a4
8584bf4b-3661-42fa-9cbf-e86ec31fe473,2019-12-27,2608.34,e51c363e-efe4-469f-814d-612c21fe30f9
d0d69906-7ff4-415d-9b75-158f002fd623,2020-05-28,1786.77,caa2071c-82eb-4f58-ad28-2e755bb3c656
95eb2300-2a87-47a4-9fa9-610766746c6f,2020-07-05,5303.35,21edacc6-55ae-4449-8431-54bbf40e47a8
fbdf88e5-29cc-4bde-9b74-5b0b28a744c7,2020-06-30,6205.66,60b83a48-b004-4c01-9fee-034ca109a206
fdf72fbe-c378-4b91-9a53-352600dbc497,2020-06-25,5623.25,bd03d65e-728e-4b7b-8531-9882ecf9b83a
63dacc80-1441-4420-9ae2-632872d6183b,2020-08-29,138.69,ae1492bc-0a0b-4b21-bcad-4eced88ce63e
fd201fa8-cde6-4424-a198-6ba2a80d5313,2019-10-25,5280.44,0fa7edba-f09d-49b5-8149-baf5479807b6
729bf4a6-1035-4368-930d-4f67ab61b715,2020-07-07,592.99,5fd7966c-52dc-4a1b-8286-e0b0e2eb8930
b8a80542-93e3-4934-aeab-f28cf5f483f3,2019-10-29,498.16,40312298-cb3a-46c1-b1e7-90792ad03dc2
d391e4c7-c72d-4358-b23e-098f934ff7a2,2020-08-20,8265.13,d3e8e235-66ce-4e33-b318-83e6cc7f4c8c
36060397-4afa-468a-b9e7-abc75feaa557,2020-07-16,6641.64,038b4ff4-113c-4a08-8712-8b18c4ad79ad
fc67eb83-8534-41bc-9045-df2aed65babc,2020-04-30,2239.16,4df1f21f-4b76-4b86-b4b3-6caaff58651d
2c69351d-613d-4778-8c2a-d2a5e533e8cc,2020-04-20,7245.85,2b07441b-8474-4388-9ebf-f84a1e15f98e
ec66097e-5e77-44e6-bf53-621397a13474,2020-05-18,359.78,37d5e537-c78a-4c08-bc8c-0d8ba935dad9
8240df61-7eac-4124-b10d-c7ca48e02c99,2020-08-11,6131.04,29dd3870-b3a4-4383-8348-d2d19ca3ca56
13dce807-f27c-47b3-b119-a5faa3bcdb53,2020-01-10,3019.41,2bebb91e-712d-4ec5-8e18-b0808a75c55e
d3e3feb9-147d-4d49-86dc-07ee14595e65,2020-03-21,4910.82,60543d9f-98e9-4530-aa14-3bdb137c929e
b72454f4-d045-4842-9c47-291feea21f4f,2019-10-13,6903.17,363fe564-4831-415f-a9dc-3f791716fdac
799e2558-cc0d-4ddc-8413-6c1d002de829,2020-05-01,8619.76,b0eb4e45-23f5-477f-9842-e868b85bbccb
b1f94d30-9cf0-4231-a4fb-e7470ec70929,2019-12-27,2965.64,dfe186ca-ca79-4732-ab5b-c26646f6ff2f
a8ea0aec-b21f-4e64-ac78-b4f3b4540aaa,2020-02-11,2233.71,10b31c30-48bf-4e6e-bf51-a33d22d067ed
ed295047-ed4c-457a-b7b2-7d96722e47a9,2020-02-29,6819.26,f202b03a-953f-47fc-b523-bab8aef13629
73bd6907-dedd-422f-9f22-d6dd9f7364c9,2020-04-04,2950.15,5ccc766f-4e00-4839-b360-f116e7ac2084
d6c20046-c159-40ab-b0e1-00af35a6a868,2020-06-04,9206.29,a1b080df-7081-41e1-9ee1-62aa4eef79ef
68342372-ad9a-4631-b694-71b1cbc58a8c,2019-10-06,1559.08,23280b9a-a29e-406d-af6a-86be4c5dbdf4
1be80ec0-2164-4df4-9d80-f1fe90d224a9,2019-12-19,5038.32,9ef31274-6810-402a-8344-927f60f448af
b953652e-407d-45e3-a930-da161f71486e,2020-04-05,4396.65,55c77f2e-8419-488c-9b8a-fcbf2910e69a
59633ed1-d485-4e7f-8998-a3ff84a86a67,2020-09-27,8492.06,1d5582ec-5937-4b8b-a282-e8470e578a70
ea8dbbef-7d36-46f2-b8fb-16e4088a95c1,2020-08-05,4418.69,e53c75fd-77a6-4f17-942c-afac82391c59
272ceb22-9ed6-4044-8812-fb367c49cf75,2020-03-04,6249.71,75b592cf-ae74-47cc-934b-cccc03d07ee7
3906118e-0aac-4541-a3de-5c23a3f57a65,2020-04-23,5294.11,d4df0731-4713-4b1e-b675-48db2d9639f9
034ff842-e8b2-4472-9ab7-9bfefa0e0883,2020-05-15,2769.73,0a34706d-ee92-415c-8b40-6cb8149dda66
4996d0bf-e9f1-4965-b203-31c3e74cb1c0,2020-01-19,1676.22,84a0acdf-4cb3-4315-9940-2ef3c8cff7ee
569e2533-5e11-4c5a-a0eb-66ec770b32fe,2020-04-04,3570.04,7913fe8d-d7a3-44f0-9c77-6c9b83c8a4be
0d4db2bd-be12-4fbc-8494-72386c6c020a,2020-02-28,306.94,520d3f17-80a2-468f-826c-4e7e841a1520
63fa73ae-be2e-4858-86c3-18546d52c8b2,2020-03-30,1308.23,3c17bcf9-8575-433f-9b16-ea6ed8be8f32
d1989250-cc18-497b-a7a9-490f712c7fe7,2020-05-11,2540.85,f1d9a359-021a-4246-9f8c-aa75cb8f7ea8
de73fb4f-a08d-4d46-bedb-6f47190eddd0,2020-07-22,214.32,7df32035-3c56-4045-a52e-fe7599e527d1
f09d4153-b0b6-473b-92c3-e6399d39e554,2020-08-11,6270.64,bae977d4-6e24-43b9-b0f1-55a56a3f9ae0
e71b50d3-be69-4727-a22a-bce506740642,2019-11-11,2110.34,cca9ccc0-93b0-4a8c-9924-da2e943c3f52
96390a84-c6ce-44d3-8ba6-e31dacbd4422,2019-11-21,5371.12,50581283-0192-402f-953b-86f30ca11868
6d9b20c7-59a8-49e8-9af1-f037c8c44ba9,2020-01-28,6240.15,bd169f47-421c-4c93-a6d4-73b5e7466759
db800c5f-3211-426f-88d8-b8a25bd1d157,2020-02-17,747.06,6b159a0b-1979-4d78-9bb9-a25c29374600
4db2b90e-f18a-4cb9-9fcc-f17261014610,2019-12-21,9916.24,99581494-e9f7-4486-aaeb-2cf263035abc
6b835514-029c-4ff0-888f-c894537f824c,2020-06-05,3084.71,a5331a0d-2b5b-4c0c-ab74-a9a36675cb58
a761d236-d8f0-49d4-bd6f-f195e8b46a83,2020-07-03,4345.52,783133b3-ef8c-4c03-8291-d113a3c3161c
c9c5f02b-20bd-441b-b14b-63faa7e03c2c,2020-07-11,2054.51,03f7ffad-ea0b-4777-b88d-daf41453786d
c5e19d58-703b-4094-9a28-f037de12515c,2019-10-14,8084.28,63ddf440-9573-4bb4-9bbd-35c88c79dd64
8c2fe66c-2663-4441-9c20-f2684de2f7bc,2019-10-04,3361.18,76b07198-a280-432c-9f88-bfd02849d201
52e70050-121d-40e7-8fc3-95adcf9e2c24,2020-07-21,165.94,92646ec0-c9b8-40aa-94b1-4501b50518ce
4d89816d-09f3-46e8-8a98-efbf734c0186,2020-02-10,3486.11,ecfab446-b2c2-435b-8f52-7b85a7a1bc94
86bd32a3-7e18-44cf-bf91-0b9db5f68d58,2020-01-24,7513.22,1bc7831a-a6cf-4931-b6db-48c441c5ff81
b96ccfb0-472b-4db2-9bb5-2c8f13bd78b7,2019-11-20,7696.52,19c3f6bf-a29e-4d05-9012-5f842b7e59eb
9b4ccc2f-c69e-4a4e-ade4-d6359d0e02ba,2019-10-10,1720.56,f0827c6f-a74c-4784-8ff7-bbc1c1604534
a85a39d3-fea4-4ef0-83eb-515facb91807,2020-09-23,4906.4,421feddd-7ebb-4ac3-8cbb-ad6615453c65
48ee4aa3-8e4c-4549-a398-cfbe34cb3966,2020-02-21,9753.43,dfd0a45b-ab9c-4d7d-a1b4-f8aab7eec964
b707a281-2ee5-468a-8046-3e45aa36ee86,2020-02-03,9242.37,4eb11a61-044e-4234-8260-08209988914c
79e8afcd-c5c7-4783-8db1-6547e925e098,2020-08-10,5409.3,c1ab0c6a-d5a0-4e81-bd03-15a6e114cf73
f433e3e8-a11e-4491-960d-bb825be8b8d8,2019-10-24,1081.11,4f7284c0-13cf-4e54-b001-6eec6f98f3cf
40b7e964-e385-4b5b-ae57-15335b8429ca,2020-05-11,2046.58,869061a6-06b5-4a75-9544-6d843163f8b2
22dc49e8-68ce-4b33-ba3a-efb53be9009a,2020-01-31,660.76,8c52574b-81a0-430c-ab9f-8e1156999c53
c9b6cd3d-454b-4a78-b417-a740250c7571,2020-03-23,3995.54,3f0d7a18-de8a-46d8-8c46-7ab915c1779f
f222abf0-1b3a-4b4f-bac8-428b0000f126,2019-12-13,4560.3,91d371d5-8e16-4fa0-94c3-78634af3ad9e
fd2fb828-9dd1-4b3c-8f60-ffdcc9ef1921,2020-05-09,1141.59,9db786e4-6ecd-4b81-9655-f1094dc38899
5fc2308c-258e-47d5-a711-6d4ad8a7be2c,2019-12-12,9443.77,b44b4733-2449-4871-9fde-98cd954ff7c1
53685609-f61e-42f0-9168-0e28a5a88a85,2020-05-14,9781.84,e389c102-cb84-4004-883f-a30d76117df0
7f5ed99e-b2ba-4e54-908c-e142077cc211,2020-01-10,4840.42,efe2edd6-06f6-4cb0-b253-a60c5ce59a3c
a5004e82-c680-40c8-810e-d9d69486897b,2020-05-17,6368.99,70023a4d-74ef-499f-bcff-ec42ef01b8df
ade7f882-14a5-4912-aff8-1f767bc9e12b,2020-08-08,8291.51,d058606f-4064-4764-a172-4fc63a5ba6cf
03c2b492-e149-4581-a51e-ac517671ff7c,2020-03-24,2800.37,6bb599ce-e27f-4c18-ac30-d8165bf46429
89643fb4-fb49-4dcd-a6be-f714cf819bda,2020-03-03,606.31,97d3d5f2-1a55-47e9-bc2d-a73bffb1f051
ee311c6c-96c9-4c7a-8214-8ecd1465c8d4,2019-11-03,2904.01,0d3db06c-9681-4a51-87bf-65139b6c370e
73b726d8-f80a-4360-9e30-3e9e2e47b699,2020-01-27,8407.47,25fe85c2-e21d-4f8e-aaa0-8e7fa190fa90
d0012bf7-43c0-42ba-96fd-3519a920fe7c,2020-08-05,4760.56,722d36e9-5be3-4ff1-b9fa-f6338bc69046
d9a1b82c-97ff-44c9-8520-ec762f0c8465,2020-03-30,6664.14,51fa777f-4c75-4383-b3d8-153e92b40399
eaf8825c-aac3-4352-ba9a-99bc56d4988e,2020-09-03,8825.65,8c8c60a7-8b6b-400d-92e8-b1aa32e8650f
3048a00d-8e1f-4612-940f-6b9c2f58a3cf,2020-07-12,150.23,1fcd4bc7-46b3-4812-b155-f20e722bc249
bdd41b47-cfbe-41c9-becd-d65f86e0f61f,2020-05-06,6061.2,64a7d70f-6df8-4ba2-923e-59adcfaca21e
7fd115e9-cea7-4ff8-82c9-e4079d53bacf,2019-12-19,7104.97,b4862d78-2af9-492b-9784-6aeec14826ec
41aef30f-5ff4-4729-b360-b0c68ac06813,2020-06-15,4646.36,21261984-2553-4487-8bd7-8c452a152446
8f0784be-4645-47ff-8f17-0ba75b57e511,2019-10-10,128.72,89666e28-95b5-4a0b-9263-17c5ff0c5b0c
514351aa-fe8c-437d-ad90-3f3d071e7e91,2020-04-15,7122,62c51bc9-78fa-470c-9bab-39da5dcdac9f
4eac0e34-4e86-40b7-8c96-af0a4d769220,2020-06-11,9865.77,6bd35a5e-4d3d-4037-883b-4aec56cad94e
e083063e-e550-4a4c-8e17-500e7ecaf33c,2019-12-09,2969.48,a89c365f-9893-425a-9e36-291900959493
fd4e9839-e2ff-44b7-be1b-4cc0229d0067,2020-05-23,9408.4,5a400921-0dda-4f18-ab27-28d3be8ef657
d370100c-b2bf-4909-b7e7-1a5c2578ed2e,2020-05-08,108.7,576e58b9-71c8-4889-8c80-951fb7cc07cc
bcfd5441-cb37-46f2-9ef1-ef99aabfea32,2020-06-13,843.81,4bbb00d7-ebe7-47eb-b251-ed35df3db462
cc92e532-5600-424e-9f37-37381ac85e29,2020-05-18,1646.06,36ddc583-f2d0-4324-99e3-7d1a829c3af4
72ec0856-33e4-4d7a-a405-26528df8fca5,2020-08-14,3080.74,85c4ff6a-eeb2-43cc-8f55-440055e12425
0c4dc8f3-538c-4644-8bdf-96d8a8c43829,2019-11-07,2010.3,5ba3494f-dadb-40ac-9eb1-8f1cbc2ed76f
e708c0c4-4c96-46ac-9c76-ab6b274756ba,2019-11-12,3685.4,521f06eb-42dd-4917-ac5d-293b7c2e6d11
b0e9de2e-1eed-419e-be80-b99a62d8ea2f,2020-04-30,4628.66,ed996c6e-94ae-4a7c-b04d-b9dccbbe3f28
04fae33c-f4de-435b-a8c0-23c2dfe194c0,2020-02-07,8838.33,d1919a7e-5dc6-47f0-ade9-85a01c0cf823
902e5664-a0ff-4ac8-8415-e514e0fdba7c,2020-08-31,9250.28,32cba202-e00e-4a54-a056-dace6c84cb36
8c2c9bbb-fc54-48b8-b323-5ba9d7dd08f4,2020-09-03,5959.45,7574b78f-91d0-4413-bab7-c7c5e82b3e18
a5396c85-f8c4-4d6c-9951-a83ae39e6e08,2020-09-10,2281.25,b409a65f-0534-4cd0-81d6-480fbddf8f64
903c55c0-61f7-4cf4-84df-5d01ab345c89,2020-06-21,9520.64,b77d5a51-dc58-4770-a3ea-3585ac4a27b7
88964370-9433-4458-817e-0165622dfaa6,2020-06-11,8138.34,99e48e73-729e-4405-8f45-13d4e6b9027e
ba3bc9d1-6af9-47c5-a024-78465c483ebb,2020-03-23,6649.02,a3314a17-9d62-428d-91fb-70f9282692b9
6983f3b6-8e72-45ad-857b-5b689ce4e3d8,2019-12-26,6631.63,77c10e16-0323-4574-ad43-1398b18a5b3b
9b8dbcb5-b787-4330-83b9-440f315503ec,2020-04-25,499.25,92b23a30-caa6-46d5-9894-5d340026afd9
80ea66c9-bd34-4b28-8f01-f41394c0031f,2019-12-20,5717.37,a58234e3-1904-493f-99c4-618c8cb6bfb2
4b05afbc-ff96-4589-8e06-29a24adcb8b8,2019-11-20,4749.1,02e02b33-bc48-45e2-88eb-6ee7abb941a5
71712613-8e1e-47f0-b4ad-94c3b31303a4,2020-09-18,2091.6,53f39f13-ed34-4cea-8222-cf573675cb1e
96f3d535-bcda-494b-b18a-dc2cbd90b1f2,2019-12-18,9639.18,1b474eb2-8a46-47c4-9980-21fb345a6413
cada0d6e-635b-4f32-b33f-d554799bab7c,2020-04-15,7075.63,5f53f7fc-bc5d-4120-b633-5249dff2ace7
b1722749-0957-4ac1-a25c-683bf664b7dd,2020-07-09,1914.61,0493519c-c615-431a-b802-a7dfaa8d709a
c7049b59-88e3-44b0-a1c3-2f4a7c102276,2020-09-08,5679.22,6d8e78d1-e095-4863-addc-013b892e91a1
d8cefde2-26df-4294-9425-baca50e6d553,2020-07-14,7788.62,c4f94791-e832-4775-9b69-dc261231e537
ac357cd2-1edd-4d35-8383-2d59ab12b977,2019-12-29,2284.49,eb46f379-e1dd-440d-962c-83a2d9953b66
ecce1570-4d9e-4be2-8fdf-5d3b426aba84,2020-06-23,2394.48,0ac4a1fa-9b6a-42c7-9ef7-0ece9ad8c88b
006ae65e-22eb-4fab-b383-46c7bc76ab88,2020-05-02,7559.63,1437d816-fb63-4e6a-94c2-8b98cdd65b58
0ef11eec-61ff-464a-a2f6-3009a500b86c,2020-08-21,6133.44,5ea5ce81-688f-45c1-8986-0a59ff93114f
33113e3f-d298-4677-af87-0093e62fce1b,2020-07-04,428.71,2a64c86a-aab5-46d9-9530-9dde6bf2db09
b8c0c307-4e20-4cc2-9a28-9885c44b4dac,2020-04-15,6608.51,9867dcf2-e8bf-4f76-8982-3b6b1a2098c5
0807c8a0-24fd-4aac-9b29-13b4728961f1,2020-07-19,7677.22,e5333998-f71f-46f0-807c-595b6f554d5b
7b7a0d70-0fb2-4029-ac26-9591135afdee,2020-07-20,2957.87,af9659aa-8aab-4fa6-b759-1cf4d74d99c7
40cf070f-8583-4024-a02b-57b4d1d42165,2020-09-17,2595.09,a29f7f72-7285-49d7-a926-61df65513d0b
ffdd2964-8750-4909-88f5-bdab03803406,2019-12-15,4297.32,4876b38d-173c-4352-b9dd-c2d4c38a23c2
2a813248-d550-41dd-b07f-8eb3b2b20907,2019-10-01,5802.44,cb54092e-3ada-4b5b-a4be-98f6121e5c56
095abc90-36f6-4d8d-9606-92c6e58c3fbb,2020-02-07,1175.52,166507e2-155c-429e-afe4-47a233cb2bb8
516911af-060a-4174-9ebb-9e568482f50e,2020-08-21,4840.14,55970382-9928-45d0-acb2-9f035b576d35
a14bf432-14f5-48a3-bcf4-cc1762ed3968,2020-01-28,744.51,7742f908-d9c9-479c-9f5f-d1ad83418bc3
6375b173-b385-4018-9bbf-460d64219fef,2020-04-29,3020.36,1a0abd2c-0234-4012-aa66-38c849e268f7
32ac4e98-af1f-435f-8ad8-9255e46268ee,2020-06-29,908.39,17c1bd6a-68bc-42ce-bd0e-8f0a5138960d
0e2a1ff1-7239-4edd-b7c7-2625186fe50e,2020-07-14,4509.28,b6c024e4-6ebc-465a-96af-6a31c52e4da0
db3ec6d8-95a1-4ca1-97cd-85f9a2d47d26,2020-03-25,5940.56,b9bf839b-c373-4766-b309-6e4dbdd69b92
cb6c3207-19d4-475e-ae2a-03d55ef689ed,2019-10-09,3352.49,d0e7260c-fbaf-4bf0-8d96-546724a0d8e4
700f8351-3064-481f-949e-85e8952d38a0,2019-11-03,9573.85,a98e789f-917f-4312-a67a-60f7ebe42a51
72c2bbe3-be5f-44ee-a9d7-7cd519806c4f,2020-01-09,5260.65,a05a622b-5f53-40c1-a4b9-1111c719a68c
c6dc8d59-c23b-431a-9817-eabc90f8db80,2019-11-01,1326.21,2cdbd69c-5008-4546-bf93-caf1cff0c55c
5df5ece9-d1a3-4df3-96ac-dc65da515e3e,2020-07-22,430.47,72e7efbf-c300-4e60-af4d-c3c485e5f631
fdaa949d-807f-4eaf-bbb4-6508734b5d35,2020-08-07,6866.5,7023ed28-6cd4-4fe3-8215-d6c57ead60dc
9cf7855e-7c5a-46fd-ace1-1e8991eb9cac,2020-07-10,8127.96,c7e76349-a46d-4511-96a2-f0e3fd34102c
5e7a0bdc-3cbc-4026-b4b9-00f36de34527,2020-08-15,2433.49,38ed8fef-4ebb-4743-93d6-e6ae4dfcb749
558379e5-11d4-4037-8cd5-928df5e2edc2,2020-07-03,3937.76,2ef09349-2c99-4a6d-bdf1-611988e609f7
2185d776-b443-4614-bb5d-505174289752,2020-01-14,1470.72,15927df7-011d-402a-aae4-27da79d631d2
9a9cb5de-ed17-40b3-bea2-d25bac6f0b51,2019-10-10,2123.04,fd638e58-f46c-49e9-a554-ca0b199b6abc
1fadaee2-4806-425a-9b61-f1d6c89ee9c1,2020-09-09,4386.27,b1c44675-7a9a-41f9-966b-085edc2b4d5c
6cf14798-35ce-4410-9979-161001704b95,2019-11-27,6593.3,7de8f652-6fb8-4ae6-b33c-19dae9b2c102
0236a6ad-ad83-4a6b-b405-62a609f34c00,2020-07-24,89.97,bb28bc1b-28fe-4601-b94e-24a09a6b98be
71ec2bc0-f881-44b5-a16f-1f23f8d4969c,2020-09-21,8504.36,435cd160-da65-4222-8589-581ae8a037a7
2a314a38-bc6e-472b-9323-2e1885775bf0,2020-01-26,250.18,fe9b2b0c-14a1-4e9b-a5dc-32a903b2d208
75051b11-0db4-47c0-9786-90335f95e263,2020-05-19,3006.24,7f5c69c9-ec1a-4b67-9748-72104cb29cd5
99359f3f-f7b3-4db2-be18-612ec39664c3,2020-02-24,9810.74,2ca46a9e-fe82-41fc-8396-480044eb5304
a941612f-51ed-4c7b-bfd9-c37cb105ed3a,2020-03-30,7664.03,64ec2fa9-daeb-4a68-b2e2-315ca06f2c20
a3dfdcbe-5f16-40e2-bb39-fce4f5c3b738,2020-08-02,6529.98,a8a4ca20-bcc0-4037-9629-e7ccbc41f114
29d49c4d-c247-4dd8-8052-09c00c966615,2020-03-17,2723.83,3ef516e6-819c-4431-b6cb-2d74e1eaf10f
01c0edb2-64bf-4a4d-8f09-03ef1f045780,2020-05-30,7505.7,f5342326-be8a-4078-af1b-e6d1ddf4d592
fc61a2b0-43f9-4bc8-8864-9dbb665b8024,2020-03-14,2805.57,946fb244-5d6c-462a-b0b8-33de122baa25
d5fd16b2-ca32-4a98-95b8-d2cf515dc617,2020-09-27,6997.45,72f6bc2d-0a01-471c-9a85-7b439e5de945
26554811-cbc9-409f-9094-10b153ee0e84,2020-08-22,7935.14,538ac04c-1164-4645-9623-d8efb4804ce8
c48aec25-30e4-479a-a447-859fba43d6fa,2020-03-09,3418.13,8a0aadf1-0a7b-4520-8f9f-637415a29961
f4c63404-493a-4201-ae99-980dfa17f5d1,2019-10-14,346.77,5b79648e-db13-4cca-9a65-147ab5ee6cff
110e1465-3a00-4d1a-87a4-3cafccc76d3c,2020-03-17,1505.99,0f37c789-e70f-4cd0-8362-477daeb5d5ad
960d00c7-2712-4ba4-9320-c0e713d01fee,2020-04-27,109.48,95613c28-0584-401c-bbf5-c1595737ce2d
2fff1435-b2fe-4f7b-a331-54e96c5f29d9,2020-09-08,9502.14,1276676d-d7af-4348-a7c5-3dfbf559ac36
ca8d24a4-a884-4a1a-8e0c-84ba38d941f5,2020-04-03,6245.05,5e64ada6-063e-4ca0-b4a8-44216f4c83ec
eca8904c-5776-4816-b064-ceaf6120ae89,2019-10-01,7839.5,2ca28530-9ba4-4255-8d9a-0ecbb4d20c4d
a961cf23-e854-4c01-be26-d25e93bc3e2a,2020-03-09,3646.9,540c7cd6-ce3a-4587-ac9f-81e9d8b7e845
c56ef7d4-f3f8-4ef4-a602-814f6d1cd8e0,2020-09-05,2344.62,c3d1722c-5047-4b22-8543-3caf5f99d545
ff9cf27d-3e52-4687-92f4-75ef55590434,2019-11-16,6281.15,108b69d4-bfd9-4ce4-89c2-8879ab0c004f
5b7c9a61-a2b5-4507-848b-c2be55f0e978,2019-10-16,385.55,f5bbf520-5aad-41ca-8e61-2c6929e22ade
c0e40c34-05c2-4d55-8d29-7542efbc80ae,2019-12-15,8302.74,5748f750-362b-42b4-8aca-924911b150cf
4d22b5c2-41f7-4dd4-913e-4ec02e3f3714,2020-06-27,1201.14,ce031d4f-17cc-4016-9f41-1ba876b7caed
5afbc259-ab3d-4f03-a5ab-8452d49c054b,2020-05-05,4366.04,2406a5ff-501f-4821-b9f8-3a9b59b8b525
1744eb67-4d64-4e44-b890-fcce22b31895,2020-01-17,8965.11,f3cb75d3-b00f-4e19-a9e0-68958e06f428
bb23135f-2789-4506-922a-2f77064902d3,2020-05-28,8979.08,b21554b3-f28c-43fc-9e4e-1260da661ce8
bd15dad0-9ecc-43e0-a20f-773bd061bcb8,2019-10-15,7953.32,3c6c76af-8110-4e0a-be46-7f38b706fa45
db615364-b0b2-496c-bf3e-e90112458a60,2020-02-08,4226.07,675e8d93-78db-4896-ae75-95ec23dfd34b
cd754814-5c65-44b8-9927-57ffeda08725,2019-12-11,9834.24,9368aa77-3713-440b-b77d-13c56c0fd6ff
8a86e740-443f-4ba2-8cfe-5c1b2f0bb29e,2020-05-28,5198.64,18dff268-ca71-4887-a1cc-4ab759e46ed0
4ad41a21-d7fd-45c1-9e75-7df62486bddc,2019-10-16,4365.36,4485e50c-4913-4ef5-adc1-d0f31470f47f
5baa30b3-9fe0-4016-b0c1-56d02d134e59,2020-01-06,4718.58,9c12edcf-569c-4141-8dd8-29f2cf6385b8
7ebd1b3e-894e-4f46-b081-0d2760369202,2020-01-07,9502.74,ef28e7e1-8efd-46b4-b27d-3971f84eb799
0db7a340-207f-4d55-96ad-7d1ee2a0491b,2019-10-27,7177.42,cdf6c4a0-f7b2-4d36-bf86-ebf3d415cf94
616321fc-9b56-4f8f-911a-e620a0943358,2020-09-12,7060.81,b8caf72f-dd46-4382-a2f0-eb5efa734d13
635415db-2c6a-4330-a8d8-dc4d4e8ff319,2019-11-14,3170.13,c7266531-a111-4795-8ff6-eeea8049c276
08311fd0-c4a0-459b-978a-d139e9f5eab4,2020-05-28,1992.21,14a42014-6018-49fa-897e-23ddbce5279c
c52c20b1-8137-4f25-839a-82e21821d219,2020-07-06,5846.86,14242ebe-0584-4103-a28c-151511ac5da1
18dcaa02-b05e-4b63-8a61-0f35aaf5e094,2020-08-05,4285.26,02087fce-31cb-4a8a-80c8-2defc066c4ce
5aac2f5c-0a6b-4ab3-8dbe-971d5829a8a7,2020-05-26,9159.19,55e4a96f-cc8e-4bf2-8cb0-b8f751e10f3b
ff28a257-ddcf-4cd3-a9a3-f0de883ad815,2020-05-07,7037.55,af503924-1527-4648-a53e-520ca107009e
0e6b0cbc-cb8e-49da-a739-89d94d18b0d2,2020-03-28,9351.91,376af3ee-04fd-4f10-ae06-1b0f31eb4de1
278b6b94-bd91-43ba-adb1-f44f9af09649,2020-05-15,5733.25,67134770-13e8-48a3-b15f-3bbf848e350b
71fc30b3-b980-46bb-8bd0-a82d437680ed,2020-01-17,1849.77,c9f84a47-4f59-4e60-a8cd-bd1332aea2c3
55ee9a49-3b55-4277-bc1e-492818ae47c9,2020-03-10,4454.32,b433014b-39a1-4d33-9152-e484fe27ea43
d66103f4-f48f-4029-a600-2e865f2de917,2019-12-02,5308.52,f93b7d54-4388-47ab-b35a-93a3d7542de3
e9fd996e-978e-4dfa-8acf-ab6b5f0dcbc0,2020-03-05,4395.45,5a5c4596-7a69-4cff-b795-723046b0f98a
3771e55d-88ff-4373-b948-5feb551b3e3d,2019-12-24,9316.24,1acc637e-8b59-401f-be93-86c918436c61
6b6e66e2-bd42-4866-99fe-caa83c5fa404,2020-03-18,2010.8,046836ab-b623-4484-b48b-885f2b753eaa
ee44eddf-c084-4c1f-84f1-fea0bd44dc2c,2020-01-26,8349.26,a5ff2c6d-6385-443d-84e7-95c9cd51769b
7a131ad1-eef8-4d26-a5f6-1e7a4392f604,2020-01-08,3670.39,adad86a7-5c04-472a-861d-946c91b24fc4
e37959db-3fb2-4259-a105-39501c1b47ce,2020-04-21,1742.09,59a99e8d-3b2f-456d-8765-944999ae5884
79c284dc-399a-450f-9030-2af908559fff,2020-02-16,4026.49,674d9608-80f5-4e3c-ae0e-c9264fe6435d
43cd79f7-2821-4523-84af-3113e76d607b,2020-08-15,3369.62,4c9cc878-9a53-4277-bdcd-35928d9ea313
fa2a81be-b4c0-4c78-ad7c-52292f9383b3,2020-01-22,4266.73,19e1d883-fd4a-41d2-91d6-afee0e08a130
94457726-79e1-479b-bed2-8be3f6642d0f,2020-01-19,9094.89,289edb94-772e-4a60-8eca-cfb11ac4b159
a19c39c7-2624-457c-a457-6264e099a3f2,2020-08-01,1541.81,a5e922dd-51c7-4799-9133-78f568008ce3
8c41e001-aacf-4f32-92d0-f1dcb2c5b777,2020-08-25,9956.8,fde1151c-54c4-44f1-bd94-a616259657ae
a7ca80f7-5e1a-49ea-be78-54af3767e0d7,2020-01-22,3156.9,a52f4768-a93b-4f5d-930d-1059897cc42d
54325280-c600-4807-a32b-393c0115fd94,2020-06-30,3444.37,5a725633-de4e-4547-9cc0-bd8dd306b9f8
d425ecbf-14a6-4e25-ada1-68264e186337,2020-07-29,3425.02,e5645bb4-33e1-43ce-a023-fb274911a997
c8af8546-c000-4955-882f-79c9ff4c6a4c,2020-06-25,2203.99,34f86ba2-3506-45de-9062-a135bf19544a
9e2cd992-3c5d-4a25-bfc0-e68c51770289,2020-09-01,8546.11,f2d46751-457b-4194-bea4-d6f2d28a018b
c65fe6ea-7a06-471e-a42d-afb90c3bd6b3,2020-02-04,3995.92,5b7d8fa5-7c33-4e84-b69a-faac17eb9766
bd12f3ed-b8ec-4cca-b0f8-d6806e8045a0,2020-07-13,3841.82,ee1bcf1e-90bf-4350-b454-8ac58ee6b785
2c4f8861-c666-4272-931c-45d9537cdced,2020-02-06,3948.85,215d0c4b-e810-48e5-ac4d-787d705643fe
50e07e50-6f40-4a92-8d7e-ea2fff24de92,2020-04-20,6766.05,5efb3fe5-f772-4c20-b05c-40d0ab570475
69e2bd9e-5d10-412d-9f4b-6d1b0edc3aed,2020-06-13,8499.67,9340702b-5583-42ec-b3ec-13b7324aff76
cedc05ff-ece2-4931-993a-09da7b90d47e,2020-09-12,9864.51,f35fd403-5dbc-40d4-92b4-ed2fcf23a330
b10b4f1f-3ef1-431e-91ad-e898e887f949,2019-12-18,1589.73,ac271f1d-97ad-414a-b171-49af88a74210
7a16dce2-f9e5-470e-8117-d06f3a874530,2020-02-03,2279.37,2c695904-3489-421c-9481-416128e26a68
03ce3d64-a27a-41b9-8415-8e52b29037b8,2020-07-04,8229.5,855930e1-cf98-4888-8f22-22ad978ef2ab
fe9be697-f899-432e-970d-5c11b02a452f,2020-04-10,1016.48,8b2e557d-3e0c-4512-abed-17831a932a54
8623bac0-3e3d-471b-9453-fcb8b15482c9,2020-06-21,393.99,791a9202-6807-4cb9-80cb-e32ca97ab3a0
4a5ab7e8-1f2a-4eee-aaed-f7cbb6be327f,2020-09-19,2546.32,61056502-f51b-47a9-aaa2-1847c42aa47b
b02b72ab-e060-44a2-94e0-9503c5bdd6d2,2020-09-12,4116.79,a7499996-baa9-447c-a06a-e6802d806f48
8a671af0-861d-4e03-910d-97497a6ade6a,2020-01-13,819.29,f13a8764-7874-4301-abcf-5219f3f4befc
8d1c9642-871e-417d-8199-e9b9868183cd,2020-07-07,3856.38,8f2649f2-66ab-45d0-95ff-e85f2e39ae99
109452b8-4dfc-4a2a-8b93-c2830cce6567,2019-12-17,3701.65,b11c9c24-25d4-43aa-8ef9-8d6b13683340
c9710e98-f711-4d08-a990-c43443b7ff1d,2020-04-14,6736.2,afc96b25-ec76-448d-9873-ee066e039598
66e0ae78-21a6-489b-9fa1-c2cd06f5aa57,2019-12-16,7656.27,85ce812f-db08-40d6-ae92-52a022c076dd
2d300881-ce76-4a62-a3e9-05a269171804,2020-09-22,7584.07,f88189fa-e225-4eeb-9f19-f11d0706b526
6ffdbb33-3e77-4083-b892-f73603208648,2020-09-10,8580,43c3066e-44ed-430b-824e-59a2746efe9b
d473ab20-035f-43fa-9b88-9309e3d6a264,2020-01-30,8605.52,168cd2bb-fd61-451f-8d90-dd2169259507
2ea8e0d7-2edf-4328-bf24-119d3cf87ef6,2020-01-31,7836.75,cd147918-7352-473c-b7e1-a084c5d04753
ca32cdbd-fa5e-4414-8221-b73cf59aa38d,2019-10-01,2132.22,e34af2fb-25e9-4de9-9ad2-a831d581f76f
7f0f4546-9d13-495e-aa00-be2da4f5259a,2020-07-10,8105.36,c9e836d7-5e54-4411-b569-bfc1787fe8e7
a2f2d731-002b-4864-b7b0-27f7170666a5,2020-02-28,5297.99,79acdf05-7f4c-4a5e-ba1d-9e190adc3d16
344e1069-75c1-414f-81eb-4621febb0036,2020-06-14,9171.41,26e1c373-c4fa-438e-b4a3-5011ffacd2bd
16c53f8b-d46d-4edf-a676-41ae7ea33e7c,2019-12-06,7285.51,7ed8980d-4275-4a3c-9b46-620ffd681473
e36743ce-d39d-4407-8371-6b440410f36c,2019-12-26,3715.99,4af3da63-81bb-4f6b-9f32-c2ac804d4148
18bd0e02-915d-41a4-9acd-04b16751654c,2020-04-12,1583.71,bc779a5c-19af-43ed-ad73-d28e0234b2c2
1ed9c1d6-ee0d-4a0a-b472-2e452a6ccb48,2020-09-05,8334.06,10fd4adc-e0c8-46cb-a1b7-9425515cff60
7a870a2a-025e-4d64-88e7-68f18d39e19c,2019-10-24,6560.86,92697e35-3ebe-4ec1-995c-a9098a74c89a
bf098373-03ef-46b5-a730-d2b9dc4dcd9f,2020-07-18,6508.11,a97655a5-a7b8-4c9a-9bbd-6028eb7fb17a
bae5f7e6-5ea5-450c-98a0-b91dfc51a154,2019-10-04,1723.9,1c461f2f-c780-4782-8d93-0de9012153ea
486886e5-0497-438e-8acd-22b5ef19cbc6,2020-06-19,5215.91,1535ed15-93e8-4759-a3c8-0f3523636aab
d3605bdf-f36d-4549-b9ea-9baca91f1059,2020-07-03,5116.94,2146b6a6-c1a4-4c8c-be27-29f2b47264e6
4e2406e1-5561-4495-862c-2a0f87c8dcb8,2020-04-12,7122.03,ad8ba62e-cfd3-463f-a5e5-e1f0feb90f10
5e421a07-fb88-4e4a-b9e2-4d1c7b089901,2019-12-12,174.78,1aa27900-8e12-467e-ac6e-7be5c4374f29
949975c0-c275-4769-b0cd-c4b47ceb3001,2019-10-21,8489.37,3d8e61b2-28b4-4567-8a67-30e6b4d95cc3
b8540c12-c0b5-4659-9048-87e806081d35,2020-05-02,7080.59,ed668596-c23c-43eb-ade4-a6d738f23106
32a5340d-e23c-4926-864d-d2211c432a3e,2020-03-07,8305.77,37daa513-421e-465e-91e6-59d5ec33b2b3
ade24b4d-b92b-47a3-a285-14afc67c5099,2020-09-26,3348.76,d0dd02c7-92e6-49e8-b25a-06c171c42ee7
ccbea1bc-28f5-495e-9436-68484a7c2220,2020-04-20,464.48,dd0a8df0-5a9c-4a41-940e-0a0855294145
2d8a18e6-2142-4768-9e96-fc6bf118b429,2020-03-30,6926.68,bdf29fe7-6d56-4046-aa01-08c1c3607f98
b5312ecc-7a5d-40f1-afb9-c2ff59be091c,2020-07-16,9891.93,e5670aef-b9fe-4e56-950e-bc6682f85405
828f03f7-5959-4ee4-90b6-66246606b0b5,2020-04-10,9083.72,4dd47808-d63c-4fdd-8433-1719228f206e
25b6cc32-bd18-4fcf-b5fe-6eb19247b353,2020-04-16,7714.28,29503aa1-e493-44e7-a910-b253e62cbce3
03c36f94-6a30-4e13-9489-7d7769d04d19,2020-06-22,7939.94,27e37bd0-2c03-4256-8dee-73c7fe3a26da
36656679-23da-4982-a22e-8eae8b5d7861,2019-12-01,7094.21,e1b5b6ba-0b77-4223-bc6c-7adab6f20c0e
f623dced-ceb6-43f3-8a79-877c48f2a09e,2020-03-24,4810.47,16d9de1c-d4ea-4a0d-8123-07c46a6fa45c
8aa8dadd-50f7-45c3-ab43-c4a3cb850551,2020-09-09,3361.49,963cb6ef-e868-47be-afc3-da830189c327
325d456f-056c-49a6-b4d7-1f307cc10c7d,2020-01-06,1437.69,e09ace3d-2421-49ff-8d09-6915bde9b5e7
a5070c26-f4fc-4649-af99-85d857f8982f,2020-07-21,1128.97,30207e93-b7e9-4b99-97e1-2a0c6bfaf0e6
b8a9da5d-71d1-45c1-bd3c-b75192a5c08f,2020-07-18,7208.1,705731f2-3756-44cb-b026-c7172e088ebf
941d2797-132c-4819-a6e5-042ce9c6dcde,2020-08-01,5186.1,42e10385-6d8f-4b04-a273-502a6435ec6c
5020295d-568e-46d6-b12a-db8454000aec,2020-06-21,1779.3,dfa12a5e-efb4-484d-9fc3-581d2f61d8c4
9e018527-9b20-4296-884f-54ab71a8459d,2020-02-24,8416.23,6498594f-0406-4534-8b43-f1a1964ad8db
68b93973-946c-4c30-adb1-cbebaad4d056,2019-12-23,6137.74,8d74bd09-36b9-46ec-b6b8-b561cb754185
0ebb0092-4706-4148-9c09-e10c7f0c4203,2020-02-09,2734.62,05e62054-7883-404d-9a7c-930a6699cafe
c7817385-023f-4e09-84b9-836c0f8a49fd,2020-04-17,1538.99,521f164e-4711-47d1-abc2-b1120c67ab65
0331d825-d96a-4e1f-9e3a-2a435523117c,2020-08-05,5612.81,aedb0c37-fa46-4a03-b6ad-c5d397230917
2f373987-e852-4219-98a8-77fdbc28823f,2019-10-29,2623.47,d6c2dee6-7174-41af-94ca-b3e9def98ab0
01a7aa01-47c7-4659-a073-66d504e62768,2019-12-30,82.67,a9abbb4d-e46f-4250-8c98-b3097333952b
80114201-3f17-4026-8603-64a7193529ff,2020-08-22,6333.76,dd0473d4-ff68-4f0b-ae58-7fd1391f0def
83e88571-92c6-46a3-8c1e-0a38314ee324,2020-04-14,4515.13,b2802b9d-063b-429d-807f-94795197c0b2
2ab9c4f1-2957-4380-b066-6d770a9ea5a3,2020-03-30,182.74,d5c76cdf-53eb-4b29-b289-bea13d98230f
44d0bc9b-7633-4bb6-8d8c-9ac7a2bf7f85,2020-05-18,7732.63,6fa0cab9-fc42-4bd9-b891-60475a1ab632
bf9979e7-fabd-4d4f-b4b9-f85f41bbc0fe,2019-11-26,247.73,5872b976-8bec-4c53-8c54-c207168318ba
e419e091-29d3-4f20-9bef-c3370b2a2395,2020-06-20,6506.82,c548c5ff-e04c-40b6-9069-ab024569120a
071454d5-7cd0-4be8-9b89-5b79fbc873a3,2020-05-19,8942.48,3a4efd69-521b-467a-98bc-dfd2d2be8e09
66ec7c2f-3e17-4f57-a376-69bb521b4422,2019-11-14,8409.05,f298e6c7-47b9-4d23-a3a3-5f6c595e4627
ee00f34b-131f-4f10-8f3f-2b132ff5d1d6,2020-07-05,6158.04,905bc7df-2fbb-4467-a215-42caf974f852
bdf4ec54-cfbb-4719-a3b7-b3598c4fa00b,2019-11-08,8689.3,f0740792-73c7-4a8a-b30b-0fd6d9f94721
21021dd0-5c17-4ab8-9198-316fce9ba9e6,2020-02-12,7958.77,c94e71cf-fd71-4d0a-a8d2-436ca087117e
715ed423-3ee4-45f1-8725-176c5a17f851,2020-09-22,4094.69,cf4f05f6-ab5d-45a2-9b7f-3373557f4c49
ab63c721-9e0b-43d8-9a87-d681b07e8fe4,2019-12-08,1290.32,dd2126a2-bf9d-436b-910d-f3f7bb3c1895
3da733db-ad5a-4ae7-9d94-f9a65f581ee8,2020-03-14,1987.22,ce908bc6-433d-4f0c-93c9-6564b6c53507
f45d4337-1076-4f36-be17-1671a5d91c81,2020-01-11,959.91,de1c896b-2d95-470e-b61c-64dbac95ca48
3df0cfe5-d096-424f-be73-19a8b4c0f115,2019-10-18,8194.66,acb2e933-7cb4-49c0-9f48-21376428316c
e8c2e4ab-84d4-4f4a-9064-bc524e0e6149,2019-12-16,6563.82,b2a35e68-46af-4e68-a6ef-e113bfc259be
553f1f03-0915-4237-9348-9b8b5ae94e49,2020-05-14,6262.04,abb83a81-00e0-4e2e-8496-6bdda96dedae
610c3809-428d-4d97-8698-9bc7e349eac6,2020-09-27,3150.24,a7ab983c-26df-49d6-a8ae-2b23eb17e7d9
0ac0bf9d-78c0-466e-a1ba-16488d394779,2020-04-16,5533.4,7a94c783-4759-4c24-8a55-14f105e2f29b
a567464a-8f9f-400e-bff4-59d8a7158644,2020-05-20,9132.13,822444b6-34f3-4a0c-9559-d3b68b141ca9
daa7136c-0eee-48f9-8e8f-6270121933f6,2020-09-20,8575.75,20c7c786-5862-41bf-974e-981917512ac7
a41a6bdb-537e-4e61-a14c-f9a9ff2e3eaa,2020-01-05,8829.22,316d1d51-c780-402c-9bef-4e03b1ba96f4
842845a6-7b71-426e-aea4-10d8e260ebc2,2019-11-13,2764.98,4e6cdfe5-74ab-4f46-84e8-89ca5ac1234e
ce54bc67-ec53-4f43-8b4d-6546379023ea,2019-12-03,8868.11,9093b57c-6c35-4064-bcf1-d1a807a11054
fab3c9f3-b6a6-49b5-81d6-dcb7a3d1d9dc,2020-09-07,2589.1,64082232-d9e3-416f-95e7-6b94c16a2a53
e7cf7003-1484-4114-9b1c-61cde9ff0fe9,2020-03-10,1359.35,406b710e-05e5-4c95-b801-9d9ed0ec3531
38238178-b6f7-41e4-aad5-db0f2a99b86f,2020-09-23,5288.33,c1137f8e-0e81-4b8f-aaaf-52323b5048c1
3c802a9d-7139-4b77-bf34-9f3ba384e645,2020-08-15,7583.74,f0f49dfc-cb73-4b3f-a558-58c4f4774798
b7b9a74b-9851-4d5d-ac16-083b8f31bb96,2019-10-09,2706.11,35a1526f-16ec-40a0-9b58-7d27787e557c
1c091b8c-cad7-48d6-9edf-586734aa240b,2020-04-05,4778.35,07d519e6-2a4d-44d4-93f7-92f4acdb28c0
355fc11d-d124-49f2-af72-440d25e543b3,2019-11-30,9790.61,46c31e72-5dc5-4098-903e-4f341cb5f596
9d045c7b-076e-4895-a7ad-2c9b9b291955,2020-02-10,581.68,cd221a8a-845c-44e4-919d-de6d826f983b
246143c8-cd6e-41e9-984f-bc5fd1cf810f,2020-01-06,7771,c2f73412-b90b-430a-859e-2693653df903
24edf16f-864c-434c-b2f5-18dc2241c316,2020-04-12,8143.84,bf2e2292-7caa-4734-9dce-e14a9dbc6962
2b20d0dd-3ba4-4055-9715-a52845f64a5d,2019-10-01,3233.95,53f7e41d-da4d-4f71-9d99-0b0f1017234f
ecefaafa-d52f-45a3-87c9-ac08133f3c7c,2020-01-25,9439.74,584a7476-205e-433e-86f2-4f3d38109ba9
5644d73b-9bcd-4699-94b3-3bcebd1f2cbf,2020-01-20,5756.44,6a0be9d4-e6d4-4ad1-9922-445b1872d8fc
3fa83904-b998-42ce-a75e-920d0729c5b3,2019-11-24,5278.72,0722aaa4-86ed-4d80-a198-1ce78c29f94d
d67c9fd7-a2aa-4645-adc6-d74ac9ad0d21,2020-06-05,6952.72,5a66e9bc-2bcf-406f-9cdc-b1038f30124c
1dcbf900-8f5e-4927-bcbb-8fb7efb1b335,2020-06-06,2630.99,7dbf38a7-a826-4f84-be46-b61a0bf67660
e3b0001e-7121-4b12-bd23-9f7fc0dc6521,2020-08-04,9797.32,f69fd45b-cb87-44a6-910d-bf1bd2409754
54b35308-57a6-4f7c-a8ba-e3b1367abcba,2020-09-19,6781.03,34849433-19fc-41fd-9f4b-1ff8210d301a
7bd3d087-2d33-4958-a184-ee75aa1b7f6a,2020-06-30,7110.45,6e02738f-ac4b-469d-8633-9a66a059eebd
7333b915-cfd3-4473-8351-7234f4ccfc4b,2019-12-08,7543.34,11c39730-033c-45e7-a1dd-81308f28a588
041cf1e8-857b-4100-acae-cf63d4eb6cfe,2019-10-28,9620.81,ab2ac9c4-5fca-46f9-a15a-26146677df15
c184413f-bbe5-4dc2-83db-ee9d9cbf38c7,2020-09-06,7120.83,2683fe53-7f92-48d5-9755-4bd863bb4c41
a855a125-e1b0-4989-8c31-999134f30fac,2020-04-23,6139.23,53b64c03-6a50-4f43-a600-9675b08419e4
3cf4a8b8-aa3a-4370-b054-eeb4c3520f8e,2020-02-03,9743.89,8a8ff8bd-4b28-4b1c-a114-386d624cd2b0
9e8099c7-efda-4d6c-a1fd-7a98c3ebef8b,2020-06-21,8812.62,fd4f9491-3d66-408d-b6d6-b335da1bb596
feca4d9f-f0e1-4e7b-a726-1ff9a5d32261,2020-06-05,4694.37,8b137e5a-8c51-416a-b0fb-cf83d138f5f1
969f4cb9-d34f-4834-b138-73fe55206260,2020-05-29,4665.69,650b603e-e0bf-4827-b9aa-be40016090b7
3c16ab7c-0b38-4d4e-9e22-422f7c242766,2020-02-04,6735.12,c5540e9c-e876-4253-ba67-54125e665139
f3a833bf-9e2c-4a0c-8be8-b16eef2671e2,2020-04-04,8859.99,6b2ae5c0-62a1-4c23-9dd5-40142cb95d46
94d3a6a5-d6ea-4113-af76-6969d282fd31,2020-02-29,737.39,f5cd787a-7570-405d-9670-ab4079414bea
6e776c2c-9d5f-4c48-b5f1-f3165125cd18,2020-06-29,1918.18,18e4880f-3efc-43e6-9d22-a1868f7ef892
403eeb61-15e9-4712-8a33-a8be418e4a73,2019-10-25,3839.82,3c5e6c49-9e3f-4222-80b3-5a05916e51e4
758ce1ac-6413-4f82-b361-d23199336a9b,2019-12-18,6537.03,9822bc8d-1182-47ef-91b9-f7ccce5c148a
1cbc7786-e3b2-4f88-b234-86e7e0ca7b97,2020-02-09,2292.44,54f333bb-4dbd-492d-85a7-56770b966100
2cbfba55-d911-4aa5-b205-db17459c422b,2019-10-27,8390.33,88f32e49-19a7-4e08-b79b-56394823b572
95678209-29eb-4a15-8748-3dfcfeb2114e,2020-05-02,9242.19,b2acb46f-c7e8-41dc-9049-cffd6e162288
cf4d91e7-46c2-439c-b73c-ddef133a8e72,2019-12-06,2822.73,56203827-46d8-4ebd-a77d-47a969a20d0d
804e4d1f-8900-4238-becd-8d057d2b7a33,2020-05-12,8334.01,21ee8008-21dc-4f38-a23f-38959a818e27
95fcc554-5752-4d40-ad94-a32fa670f34b,2020-07-23,2686.63,8cb2e16b-6802-4bf9-9628-2a5ec58b9fb7
388ad35f-fb15-42f6-8bd0-357a5c4e19a7,2020-06-20,102.44,c554fc6f-90f5-443e-b84f-3dbb318b7ea3
889f5583-08a2-461a-b3c9-714979018cd1,2020-05-27,2233.67,2f0a63cf-78e7-4f90-aa20-bbc4ee90c776
b5ef350c-5228-49d4-b1e4-556dcb536ae2,2020-07-03,1667.01,341a2a18-d421-4dd9-a4bc-0620ca38465b
1b8c53a3-1450-4596-a76d-f1fb52cf986b,2020-01-09,2504.87,179b5d82-1a9a-4b65-9b7d-caa0608c139d
e2fa03c5-7e4d-49c2-a84c-b0982b6bd121,2020-01-17,665.69,f7ab12ba-6973-4fa9-a291-9caf6ed82f87
166ac081-9eae-46ec-aee6-6457cc6d49ff,2020-02-28,1528.85,4e611bc2-5b65-42f3-87c8-7032bf5a9548
48e82e8e-3540-4833-b91a-f7e0ce8627b3,2020-06-14,2109.64,b6ef731f-4f5c-400d-b7c6-5dcd1f524d18
ca826aed-c93c-437d-9340-7cedee733ad9,2020-09-01,4872.46,cc9348f3-aa8a-41ed-9957-e626e9688921
